"","Identifier","Creator","Title","Downloads","Date"
"1","3_a.m._-_Times_Square","Peter DiPhillips & Jack Hertz","Peter DiPhillips & Jack Hertz- 3 a.m. - Times Square [treetrunk 235]",1996,"2012-08-15 12:30:07"
"2","ACandleForFreeSpirits","Thomas Park","Thomas Park- A Candle For Free Spirits [treetrunk 465]",186,"2019-11-08 04:20:24"
"3","largestgraduatespeedway","Thomas Park","DJ Frankenstone- largest graduate speedway [treetrunk 728]",123,"2022-01-14 05:50:48"
"4","Loopworks1","Thomas Park","Thomas Park- Loopworks 1 [treetrunk 401]",155,"2019-05-18 05:39:20"
"5","Mystified_Oddities_Mix","Thomas Park","Mystified - Mystified Oddities Mix [treetrunk031]",741,"2007-11-11 04:51:07"
"6","Moire","Graffiti Mechanism","Graffiti Mechanism- Moire [treetrunk095]",1999,"2009-09-30 15:07:57"
"7","ArchivalSelections022","Thomas Park","Mystified- In A Haze [Archival Selections 022]",186,"2017-09-12 11:33:50"
"8","AminoTech","Thomas Park","DJ Iterate- Amino Tech [treetrunk 637]",996,"2021-03-20 19:39:46"
"9","Angels_of_chrome_and_light","Tuonela","Tuonela- Angels of chrome and light [treetrunk 178]",1449,"2011-10-14 01:03:58"
"10","AnglesPlaying","Thomas Park","DJ Iterate- Angels Playing [treetrunk 632]",272,"2021-03-11 08:22:29"
"12","Architect_Parallel_Forces","Thomas Park","Architect Parallel Forces- DJ Frankenstone [treetrunk 720]",160,"2021-12-17 21:02:49"
"13","AMRadioSamples","Thomas Park","Thomas Park- AM Radio Samples [treetrunk 398]",1100,"2017-11-29 13:26:21"
"14","DoYouBelieveInThisMusic","Thomas Park","Thomas Park- Do You Believe In This Music [treetrunk 597]",196,"2020-11-28 03:58:54"
"15","nadir","Melophobia","Melophobia- nadir [treetrunk 175]",648,"2011-10-05 15:22:40"
"16","After_Dusk","John Tocher","John Tocher- After Dusk [treetrunk 229]",2067,"2012-07-14 19:51:54"
"17","root_kuti-already","Thomas Park","DJ Iterate- root kuti already [treetrunk 697]",147,"2021-08-22 14:39:13"
"18","FastusRiverOfForgetfulness","Fastus","Fastus- River Of Forgetfulness [treetrunk 387]",583,"2017-11-07 00:16:31"
"19","morsemusic","Christian Doil","Christian Doil- Morsemusic [treetrunk 265]",2481,"2013-03-22 13:22:10"
"20","ArchivalSelections026","Thomas Park","Digital Mass- The Murk [Archival Selections 026]",178,"2017-09-12 11:53:39"
"21","ArchivalSelections003","Thomas Park","AutoCad- AutoCad Reclaimed Disc Two [Archival Selections 003]",312,"2017-09-11 12:21:17"
"22","1000BadSongsInOneDay","Thomas Park","DJ Iterate- 1000 Bad Songs (In One Day) [treetrunk 646]",385,"2021-04-13 00:46:15"
"23","1000FunkSongsInADay","Thomas Park","Thomas Park- 1000 Funk Songs (In A Day)- [treetrunk 655]",205,"2021-05-02 00:07:01"
"24","1000WorldSongsInADay","Thomas Park","Thomas Park- 1000 World Songs (In A Day) [treetrunk 663]",138,"2021-05-21 17:59:57"
"25","Bermuda11292019","Thomas Park","Thomas Park- Bermuda 11292019 [treetrunk 475]",122,"2019-11-30 11:40:06"
"26","chillpill_201909","Thomas Park","Thomas Park- Chill Pill [treetrunk 445]",138,"2019-09-14 19:55:07"
"27","Zai_Wo_De_Chuangshang","Ethnomite Pux","Ethnomite Pux- Zài Wo De Chuángshàng, Yuèliàng Shì Shanshuòzhe Yàoyan De De [treetrunk 195]",1171,"2011-12-20 02:00:08"
"28","AstralnauticsForBeginners","Luciftias","Luciftias- Astralnautics For Beginners [treetrunk  344]",5863,"2016-07-11 05:02:43"
"29","LoopCruise","Thomas Park","Thomas Park- Loop Cruise [treetrunk 546]",129,"2020-07-27 00:09:14"
"30","AllGenRadio982019","Thomas Park","Thomas Park- All Gen Radio 982019 [treetrunk 447]",76,"2019-09-16 23:46:37"
"31","Slipping_The_Bonds_Of_Gravity","Mister Vapor","Mister Vapor- Slipping The Bonds Of Gravity [treetrunk 97]",2500,"2009-11-08 22:54:52"
"32","ArchivalSelections007","Thomas Park","Mystified- Eldritch Steps [Archival Selections 007]",178,"2017-09-11 13:12:07"
"33","dubmachine2020","Thomas Park","Thomas Park- Dub Machine142020 [treetrunk 488]",157,"2020-01-04 17:01:35"
"34","treetrunk009","Mystified","Mystified - Fabrication [treetrunk009]",2272,"2005-07-16 22:22:07"
"35","HitRecord","Thomas Park","Thomas Park- Hit Record [treetrunk 440]",133,"2019-09-06 21:59:24"
"36","SilasQuietAfternoons","Cousin Silas","Cousin Silas- Quiet Afternoons [treetrunk 328]",1874,"2015-07-10 20:01:37"
"37","DeadCityDubTheRemixes","Thomas Park","Thomas Park- Dead City Dub The Remixes [treetrunk 456]",198,"2019-10-21 09:01:45"
"38","DubBris2","Thomas Park","Thomas Park- Dub Bris 2 [treetrunk 668]",221,"2021-05-30 02:12:11"
"39","TheNocturnesIterations","Thomas Park","Erik Satie & Thomas Park- The Nocturnes Iterations [treetrunk 316]",208,"2019-07-29 02:16:52"
"40","TheSovereignRecursions","Thomas Park","Thomas Park- The Sovereign Recursions [treetrunk 327]",134,"2019-08-17 23:49:00"
"41","TheStarSpangledBannerInDub","Thomas Park","Thomas Park- The Star Spangled Banner In Dub [treetrunk 493]",114,"2020-01-11 10:53:29"
"42","Organic_Dissonance","Thomas Park","Thomas Park- Organic Dissonance [treetrunk 441]",139,"2019-09-07 22:59:15"
"43","PacificTable","Thomas Park","Thomas Park- Pacific Tabla [treetrunk 446]",160,"2019-09-14 20:03:43"
"44","shrouded_allusion","Luciftias","Luciftias- shrouded allusion [Treetrunk 343]",851,"2016-06-11 14:41:15"
"45","MystifiedReiterations","Thomas Park","Thomas Park- Mystified Reiterations [treetrunk 502]",266,"2020-02-06 19:42:55"
"46","Miners_Song","Pulsipher","Pulsipher- Miner's Song [treetrunk 216]",1446,"2012-04-24 22:54:59"
"47","GridResistorChi","Grid Resistor","Grid Resistor- Chi [treetrunk 378]",468,"2017-08-22 01:17:56"
"48","Tussogtroll","Svarte Fjell","svarte fjell- Tuss og troll [treetrunk 320]",1522,"2015-01-29 15:15:15"
"49","PeakAudio","Thomas Park","Thomas Park- Peak Audio [treetrunk 408]",275,"2019-05-31 00:45:32"
"50","WZRDS_1","WZRDS","WZRDS- 1 [treetrunk 172]",1309,"2011-09-26 12:18:09"
"52","SuperSub","Thomas Park","DJ Iterate- Super Sub [treetrunk 620]",232,"2021-02-08 04:41:46"
"53","Wallis","Seetyca & Thom Yeesland","Seetyca and Thom Yeesland - Wallis E.P. [treetrunk049]",1618,"2008-06-09 19:47:58"
"54","SanFranciscoSkyline","Thomas Park","Thomas Park- San Francisco Skyline [treetrunk 612]",466,"2021-01-24 12:06:40"
"55","bohemiansonata","Thomas Park","Thomas Park- Bohemian Sonata [treetrunk 454]",204,"2019-10-19 09:49:53"
"56","TheTristero","Thomas Park","Thomas Park- The Tristero [treetrunk 463]",149,"2019-11-08 02:20:55"
"57","Stellar_Fugue","Thomas Park","Thomas Park- Stellar Fugue [treetrunk 155]",1856,"2011-06-19 00:25:13"
"58","The_Montelepre_Sessions","Olofstorp","Olofstorp- The Montelepre Sessions [treetrunk 294]",1874,"2013-12-26 18:24:07"
"59","The_Radiant","Grove Of Whispers","Grove Of Whispers- The Radiant [treetrunk 254]",1818,"2013-01-19 15:49:54"
"60","sound-00-lefterna-collab-49b","Sound 00 & Lefterna","Sound 00 + Lefterna-- Collab 49b [treetrunk 689]",196,"2021-07-24 06:29:10"
"61","source_nine-arched_transmit","Thomas Park","DJ Iterate- source_nine-arched_transmit [treetrunk 725]",92,"2022-01-10 11:35:35"
"62","ArchivalSelections008","Thomas Park","Mystified- Elemental Dub [Archival Selections 008]",188,"2017-09-11 13:19:29"
"63","treetrunk001","Mystified","Mystified - Music For Infants [treetrunk001]",6348,"2005-06-19 23:37:30"
"65","Complex_Silence_6","Mister Vapor","Mister Vapor- Complex Silence 6 [treetrunk104]",2062,"2010-08-16 12:08:57"
"66","TheLambdaIterations","Thomas Pak","Thomas Park- The Lambda Iterations [treetrunk 326]",101,"2019-08-17 08:24:56"
"67","RetroFract","Thomas Park","DJ Iterate- RetroFract [treetrunk 544]",291,"2020-07-24 18:03:58"
"68","Mystified_Live","Mystified","Mystified- Mystified Live [treetrunk089]",1534,"2009-08-01 10:23:32"
"69","Model201Series2","Model 201","Model 201- Series 2 [treetrunk 374]",474,"2017-07-19 17:45:55"
"70","LoopJazz","Thomas Park","DJ Iterate- LoopJazz [treetrunk 591]",173,"2020-11-06 06:52:58"
"71","LoopSouq1","Thomas Park","Thomas Park- Loop Souq 1 [treetrunk 449]",163,"2019-09-20 00:03:47"
"72","wellknownassembledrecording","Thomas Park","DJ Iterate - well-known assembled recording [treetrunk 744]",77,"2022-04-16 14:42:34"
"73","TheSpinTribe","Thomas Park","Thomas Park- The Spin Tribe [treetrunk 455]",205,"2019-10-19 10:01:36"
"74","Zonetunes","Thomas Park","Thomas Park- Zonetunes [treetrunk 552]",124,"2020-08-14 20:03:49"
"75","AlwaysBeginningAgain","Thomas Park","Thomas Park- Always Beginning Again [treetrunk 740]",102,"2022-03-10 05:59:57"
"76","Analog_Copy","Thomas Park","DJ Iterate- Analog Copy [treetrunk 679]",216,"2021-07-05 12:53:32"
"77","Adventures_Of_Plunderman_Remastered","Mystified","Mystified- Adventures Of Plunderman Remastered [treetrunk 131]",2026,"2011-02-02 22:16:54"
"78","AutonomousOutlandsOuttakes","Thomas Park","Thomas Park- Autonomous Outlands Outtakes [treetrunk 409]",365,"2019-07-04 10:20:14"
"79","BeyondTheVelvetSky","Mister Vapor","Mister Vapor- Beyond The Velvet Sky [treetrunk 261]",2881,"2013-02-21 23:40:14"
"80","Blechnophobia","Thomas Park","Thomas Park- Blechnophobia [treetrunk 331]",267,"2019-08-23 03:24:50"
"81","BrideOfFrankenstone","Thomas Park","DJ Frankenstone- Bride Of Frankenstone [treetrunk 527]",150,"2020-06-05 02:31:43"
"82","Blechno4","Thomas Park","Thomas Park- Blechno 4: A Land Of Spinning Stars [treetrunk 334]",234,"2019-08-31 00:50:58"
"83","BonesOfBrassAndSteel","Thomas Park","DJ Iterate- Bones Of Brass And Steel [treetrunk 625]",135,"2021-02-26 03:10:08"
"84","Onustra","Priori","Priori- Onustra [treetrunk 146]",1317,"2011-04-20 00:30:44"
"85","Negative_273_point_15_degrees_Celsius","Jurko Haltuu","Jurko Haltuu- Negative 273 point 15 degrees Celsius [treetrunk 127]",1479,"2011-01-08 13:47:44"
"86","PI_EPI","Plexus Instruments","Plexus Instruments- EPI [treetrunk066]",2574,"2008-11-24 13:43:46"
"87","Prof_Carry_Dozen_Circular","Thomas Park","DJ Frankenstone- Prof Carry Dozen Circular [treetrunk 699]",543,"2021-08-29 02:42:02"
"88","PolarVortex","Thomas Park","DJ Iterate- Polar Vortex [treetrunk 623]",237,"2021-02-18 17:33:00"
"90","Megacities_Remixed","Mystified & Christopher Alvarado","Mystified & Christopher Alvarado- Megacities Remixed [treetrunk 339]",1819,"2016-03-27 02:11:14"
"91","MinHytte","Martin Rach","Martin Rach- Min Hytte [treetrunk 390]",2124,"2017-11-17 01:40:02"
"92","Doil_Zeit","Christian Doil","Christian Doil- Zeit [treetrunk 306]",1339,"2014-09-24 01:19:00"
"93","MidnightNoir","Thomas Park","Thomas Park- Midnight Noir [treetrunk 461]",94,"2019-10-30 21:30:00"
"94","Morning_Cell","Gerardo Colin & Thomas Park","Tone Brothers-- Morning Cell [treetrunk 700]",157,"2021-09-02 14:03:29"
"95","EasySoundsToMakeYouHappy","Thomas Park","Thomas Park- Easy Sounds To Make You Happy [treetrunk 546]",632,"2020-07-31 15:55:01"
"96","DubBris1","Thomas Park","Thomas Park- Dub Bris 1 [treetrunk 667]",667,"2021-05-30 01:06:54"
"97","DubTheNet","Thomas Park","Thomas Park- Dub The Net [treetrunk 564]",434,"2020-10-08 08:28:03"
"98","DJ_IterateTranceAfrica","Thomas Park","DJ Iterate- Trance Africa [treetrunk 523]",326,"2020-05-16 09:39:11"
"99","Foggy_Mountains","900 Piesek","900 piesek- Foggy Mountains [treetrunk 297]",5484,"2014-04-04 22:52:38"
"100","Guitar_Soundscapes","Øystein Jørgensen","Øystein Jørgensen- Guitar Soundscapes [treetrunk 285]",1888,"2013-09-29 21:34:30"
"101","BentDAT","Thomas Park","DJ Iterate- BentDAT [treetrunk 584]",127,"2020-10-28 13:11:28"
"102","EDC122021","Thomas Park","Thomas Park- EDC 12.2021 [treetrunk 718]",142,"2021-12-13 04:01:23"
"103","Constant_8","Tribe Of Astronauts","Tribe Of Astronauts - ""Constant 8"" [treetrunk035]",736,"2007-11-30 00:57:46"
"104","Constant13","Stephen Philips","Stephen Philips - Constant 13 [treetrunk044]",1842,"2008-05-23 01:17:50"
"105","Complex_Silence_38","Ran Kirlian","Ran Kirlian- Complex Silence 38 [treetrunk 278]",2368,"2013-08-04 16:21:49"
"106","Complex_Silence_39","Grove Of Whispers","Grove Of Whispers- Complex Silence 39 [treetrunk 284]",1840,"2013-09-21 15:28:02"
"107","AutoCadReclaimedPart1","Thomas Park","AutoCad - AutoCad Reclaimed Part 1 [treetrunk046]",2098,"2008-06-03 22:55:07"
"108","AlongsideInvestmentEvolvedBranches","Thomas Park","DJ Iterate- Alongside Investment Evolved Branches [treetrunk 701]",140,"2021-09-06 02:18:28"
"109","ArchivalSelections017","Thomas Park","Mystified- The U.F.O. Hoax [Archival Selections 017]",170,"2017-09-11 16:13:11"
"110","LaGrange_Culture","Tribe Of Astronauts","Tribe Of Astronauts- LaGrange Culture [treetrunk 713]",144,"2021-10-21 14:46:44"
"111","EveryPurpleMelody","Thomas Park","DJ Iterate - Every Purple Melody [treetrunk 749]",56,"2022-05-22 01:47:10"
"112","Erosion_Without_Friction","Consistency Nature","Consistency Nature- Erosion Without Friction [treetrunk 136]",1091,"2011-03-07 01:12:48"
"113","Constant_22","Luciftias","Luciftias- Constant 22 [treetrunk075]",645,"2009-01-14 19:37:29"
"114","Constant_19","Turmoil","Turmoil- Constant 19 [Treetrunk071]",600,"2008-12-10 23:33:22"
"115","RecursiveNoir","Thomas Park","Thomas Park- Recursive Noir [treetrunk 325]",166,"2019-08-15 23:24:42"
"116","HerDreamsAreTheBest","Thomas Park","Thomas Park- Her Dreams Are The Best [treetrunk 608]",308,"2021-01-13 17:59:23"
"118","DubPlantThePlatinumSessions","Thomas Park","Thomas Park- Dub Plant The Platinum Sessions [treetrunk 563]",192,"2020-10-04 09:50:26"
"119","JadeFurnaceII","K.M. Krebs","K.M. Krebs - The Jade Furnace II [treetrunk030]",1079,"2007-09-22 17:18:58"
"120","JazzLoopProphecy","Thomas Park","Thomas Park- Jazz Loop Prophecy [treetrunk 568]",207,"2020-10-14 01:23:30"
"121","GenerativeII","Edward J. Powley","Ed Powley - Generative II: Attack Of The Clones [treetrunk 053]",508,"2008-07-19 18:31:42"
"122","Feathers_And_Pollen","Another Neglected Hobby","Another Neglected Hobby- Elements Two: Feathers And Pollen [treetrunk 230]",1647,"2012-07-22 20:19:04"
"123","Fictive_Martyrdom","Digital Mass","Digital Mass- Fictive Martyrdom [treetrunk 189]",2843,"2011-11-21 22:47:49"
"124","SciFiPulp","Thomas Park","Thomas Park- Sci-Fi Pulp [treetrunk 319]",197,"2019-08-03 10:29:04"
"125","Light_The_Future","FutureLight","FutureLight- Light The Future [treetrunk 686]",217,"2021-07-18 22:06:01"
"126","SaltSeaIsland","Stefan Paulus","Stefan Paulus- Salt Sea Island [treetrunk 263]",2042,"2013-03-14 13:11:50"
"127","Meltdown_9202014","Tamayurakurage & Emerge","Tamayurakurage vs. Emerge- Meltdown [treetrunk 308]",1149,"2014-09-20 11:55:54"
"128","Jisei_69","Fabio Keiner","Fabio Keiner- Jisei [treetrunk 243]",2748,"2012-10-08 20:32:50"
"129","Fog_Sequences","K.M. Krebs","K.M. Krebs - Fog Sequences - [treetrunk021]",5878,"2006-10-10 15:18:32"
"130","Frigid_Radiance","Mystified","Mystified- Frigid Radiance Remastered [treetrunk 283]",1992,"2013-09-14 01:52:11"
"131","imperativethreesociety","Thomas Park","DJ Iterate- imperative three society [treetrunk 726]",71,"2022-01-11 07:56:26"
"132","UnderTheHeatOfOneWorldsSun","Thomas Park","Thomas Park- Under The Heat Of One World's Sun [treetrunk 549]",96,"2020-08-05 13:11:10"
"133","ThomasParksLiveRadioMagic","Thomas Park","Thomas Park- Thomas Park's Live Radio Magic [treetrunk 511]",281,"2020-03-12 15:11:25"
"134","30Fires","EMERGE","EMERGE- 30 Fires (and the campfire in the Maerchenzelt) [treetrunk 353]",866,"2016-09-30 03:27:29"
"136","The_13th_Unfulfilled_Hibernation","Melophobia","Melophobia- The 13th Unfulfilled Hibernation [treetrunk 276]",1709,"2013-07-14 14:06:12"
"137","Burn_Hertz_And_Honeycutt","Hertz & Honeycutt","Hertz & Honeycutt-- Burn [treetrunk 208]",1634,"2012-03-20 23:40:36"
"138","1000PopSongs","Thomas Park","DJ Iterate- 1000 Pop Songs (In A Day)",444,"2021-04-03 23:37:37"
"139","DarkLatinDAT","Thomas Park","DJ Frankenstone- Dark Latin DAT [treetrunk 586]",157,"2020-10-30 14:38:49"
"140","Dub_Shifted","Thomas Park","DJ Iterate- Dub Shifted [treetrunk 683]",231,"2021-07-11 04:03:20"
"141","1000-techno-songs-in-a-day","Thomas Park","Thomas Park- 1000 Techno Songs (In A Day) [treetrunk 664]",279,"2021-05-22 10:31:48"
"142","1000GlitchSongsInOneDay","Thomas Park","Thomas Park- 1000 Glitch Songs (In One Day) [treetrunk 651]",192,"2021-04-22 10:55:16"
"144","Complex_Silence_9","Cousin Silas","Cousin Silas- Complex Silence 9 [treetrunk109]",2851,"2010-11-27 13:43:49"
"146","Complex_Silence_15","Phillip Wilkerson","Phillip Wilkerson- Complex Silence 15 [treetrunk 150]",2605,"2011-05-19 23:09:16"
"147","Constant_23","Phillip Wilkerson","Phillip Wilkerson- Constant 23 [treetrunk078]",1909,"2009-02-23 01:52:16"
"148","Constant_27","Digital Mass","Digital Mass- Constant 27 [treetrunk 103]",1131,"2010-08-16 02:00:05"
"149","Constant_24","The Ghost Between The Strings","The Ghost Between The Strings- Constant 24 [treetrunk083]",2829,"2009-04-23 21:33:52"
"150","CobwebsAndTwilight","Thomas Park","Thomas Park- Cobwebs And Twilight [treetrunk 453]",240,"2019-10-10 22:52:21"
"151","CassetteDerivations","Thomas Park","Thomas Park- Cassette Derivations [treetrunk 385]",2713,"2017-11-04 08:44:05"
"152","Arctic_Isolationism","Seetyca & Mystified","Seetyca & Mystified- ""Arctic Isolationism"" [treetrunk094]",2252,"2009-09-24 14:48:09"
"153","AuFilDeLeau","CDRX","Cdrx- Au Fil De L'eau [treetrunk 329]",1491,"2015-07-21 07:27:13"
"154","Blechno3","Thomas Park","Thomas Park- Blechno 3: An American In Europe [treetrunk 333]",298,"2019-08-31 00:46:03"
"155","Before_Dawn","John Tocher","John Tocher- Before Dawn [treetrunk 233]",2105,"2012-08-11 20:06:10"
"156","Bailarin_en_la_noche","Thanato Twist & Oleg's Sound System","Thanato Twist & Oleg's Sound System- Bailarin en la noche [treetrunk098]",586,"2010-03-01 22:56:34"
"157","ArchivalSelections009","Thomas Park","Mystified- Fragment, Compress [Archival Selections 009]",278,"2017-09-11 13:24:23"
"158","ArchivalSelections023","Thomas Park","Mystified- Moonshine [Archival Selections 023]",246,"2017-09-12 11:37:35"
"159","Aberration_in_Pitched_Systems","Daniel Barbiero + Chris Videll","Daniel Barbiero + Chris Videll-- Aberration in Pitched Systems [treetrunk 246]",3321,"2012-11-05 22:40:44"
"160","The_Urbscape_Videos","Johan Nederpel","Johan Nederpel & Mystified-- The Urbscape Videos [treetrunk117]",1560,"2010-11-07 00:43:55"
"161","TheGhettoGeniusPart3","Sean Derrick Cooper Marquardt","Sean Derrick Cooper Marquardt- The Ghetto Genius Trilogy [treetrunk 389]",516,"2017-11-07 16:17:28"
"162","Eternal_Dreaming","Tange","Tange- Eternal Dreaming [treetrunk112]",3069,"2010-10-20 02:14:27"
"163","EndlessDubGeneration5302021","Thomas Park","Thomas Park- Endless Dub Generation 5.30.2021 [treetrunk 671]",198,"2021-05-30 14:27:07"
"164","EnduringSupercontinentalUnity","Pluto's Head","Pluto's Head & Nieto- Enduring Supercontinental Unity [treetrunk 738]",132,"2022-03-04 11:03:40"
"165","Exact_Currently_Total","Thomas Park","DJ Frankenstone- Exact Currently Total [Treetrunk 709]",101,"2021-10-11 00:21:04"
"166","Satyr","Fabio Keiner","Fabio Keiner-- Satyr [treetrunk 169]",1717,"2011-09-13 00:03:12"
"167","HeatTraces","Mystified","Mystified- Heat Traces [treetrunk057]",2209,"2008-09-03 00:53:06"
"168","GenerativeMusicForLivePerformance","Thomas Park","Thomas Park- Generative Music For Live Performance [treetrunk 478]",485,"2019-12-14 13:05:46"
"169","GrasslandsDreamOfElectricSheepRobinStoreyWithMystified","Robin Storey & Mystified","Robin Storey & Mystified- Grasslands Dream Of Electric Sheep [treetrunk 381]",630,"2017-10-04 23:47:17"
"170","Floe_Edge","Galati","Galati- Floe Edge [treetrunk 251]",1771,"2012-12-18 21:27:07"
"171","InterstellarFunkDebris","Thomas Park","Thomas Park- Interstellar Funk Debris [treetrunk  576]",339,"2020-10-21 14:42:57"
"172","Houseland","Thomas Park","Thomas Park- Houseland [treetrunk 574]",267,"2020-10-19 14:20:03"
"173","Home_Drones_Nemeth","David Nemeth","David Nemeth- Home Drones [treetrunk 209]",1651,"2012-03-22 21:20:23"
"174","Haunted_Heights","Thomas Park","Thomas Park- Haunted Heights [treetrunk 459]",160,"2019-10-27 11:22:26"
"175","Iaiko_Overtone","Iaiko","Iaiko-- Overtone [treetrunk 207]",1369,"2012-03-18 19:05:48"
"176","TribalDAT","Thomas Park","DJ Frankenstone- TribalDAT [treetrunk 581]",230,"2020-10-25 17:52:36"
"177","BlipBleepSoundsFromTheMadDoctorsLaboratory","Thomas Park","Thomas Park- Blip Bleep: Sounds From The Mad Doctor's Laboratory [treetrunk 550]",136,"2020-08-05 13:15:01"
"178","TransurbanLoop30Version","Am Eise","Am Eise- Transurban Loop30 Version [treetrunk 352]",698,"2016-09-29 11:06:20"
"179","Tales_Of_Emptiness","The Ghost Between The Strings","The Ghost Between The Strings- Tales Of Emptiness [treetrunk055]",4944,"2008-08-21 16:26:25"
"180","TheSoundOfAPerfectStorm","Thomas Park","Mystified- The Sound Of A Perfect Storm [treetrunk 513]",261,"2020-03-15 01:23:32"
"181","ArchivalSelections015","Thomas Park","Mystified- Skywatchers 2 [Archival Selections 015]",197,"2017-09-11 15:50:36"
"182","Wave_Motions_EP","Morphine Bandit","Morphine Bandit-- Wave Motions EP [treetrunk 185]",1520,"2011-11-01 19:30:17"
"183","Constant11andConstant12","Mystahr & Jon7","Mystahr & Jon7 - Constant 11 and Constant 12 [treetrunk043]",1958,"2008-05-20 01:28:51"
"184","DJIterateHighPlainsDrifter","Thomas Park","DJ Iterate-- High Plains Drifter [treetrunk 634]",219,"2021-03-12 13:00:19"
"185","CollageSpaceDrone","Thomas Park","Thomas Park- Collage Space Drone [treetrunk 443]",156,"2019-09-10 09:49:39"
"186","FieldRecordingsbyAkusdixandOdaKlonk","Akusdix & Oda Klonk","Akusdix & Oda Klonk- Field Recordings by Akusdix & Oda Klonk  [treetrunk 351]",773,"2016-09-26 00:38:42"
"187","NightHills","Thomas Park","Thomas Park- Night Hills [treetrunk 464]",87,"2019-11-08 02:30:06"
"188","Night_Falls_with_Silver_in_its_Mouth","Pavonine","Pavonine- Night Falls with Silver in its Mouth [treetrunk 173]",1694,"2011-10-01 11:33:26"
"189","Not_Secure_Space","Anton Mobin & Planetaldol","Anton Mobin & Planetaldol- ""Not Secure Space"" [treetrunk 137]",1022,"2011-03-16 14:45:07"
"190","November_Tape_Drone_Set_001","EugeneKha","EugeneKha- November (Tape Drone Set 001) [treetrunk 247]",2824,"2012-11-07 21:35:02"
"191","WorldOfFire","Thomas Park","Thomas Park- World Of Fire [treetrunk 566]",211,"2020-10-10 06:08:13"
"192","Xanaxadu","Thomas Park","DJ Iterate- Xanaxadu [teetrunk 627]",251,"2021-03-01 01:43:24"
"193","ambsphere","Thomas Park","Thomas Park- AmbSphere 112019 [treetrunk 485]",220,"2020-01-02 00:03:22"
"194","ArchivalSelections024","Thomas Park","Mystified- Still Dreaming [Archival Selections 024]",209,"2017-09-12 11:42:58"
"195","ArchivalSelections012","Thomas Park","Mystified- Machines 2 [Archival Selections 012]",215,"2017-09-11 13:59:04"
"196","Bleak_Emptiness_Revealed","Desohll","Desohll- Bleak Emptiness Revealed [treetrunk070]",442,"2008-12-08 22:18:19"
"197","AliveInPrehistorysDream","Thomas Park","Thomas Park- Alive In Prehistory's Dream [treetrunk 505]",328,"2020-02-15 21:32:05"
"198","BadEightiesDetectiveMovieSoundtrack","Thomas Park","Mystified- Bad Eighties Detective Movie Soundtrack [treetrunk 514]",295,"2020-03-21 02:24:42"
"199","BhangraBytes","Thomas Park","DJ Iterate- Bhangra Bytes [treetrunk 577]",107,"2020-10-22 15:16:36"
"200","Big_Fat_Bomb","Thomas Park","Thomas Park- Big Fat Bomb [treetrunk 506]",117,"2020-02-27 01:48:41"
"202","TheMiroirsIterations","Thomas Park","Maurice Ravel & Thomas Park- The Miroirs Iterations [treetrunk 317]",181,"2019-07-29 23:14:39"
"203","TapeSoundOuttakeSounds","Thomas Park","Thomas Park- Tape Sound Outtake Sounds [treetrunk 372]",802,"2017-11-04 08:37:20"
"204","TheEasyRevolution","Thomas Park","Thomas Park- The Easy Revolution [treetrunk 545]",911,"2020-07-26 13:57:01"
"205","DubBris3","Thomas Park","Thomas Park - Dub Bris 3 [treetrunk 669]",260,"2021-05-30 03:14:56"
"206","TheBlinkiesLive","Thomas Park","The Blinkies Live- Thomas Park & The Blinkies [treetrunk 543]",232,"2020-07-18 12:51:09"
"207","The_Jade_Furnace_Remixes","Fosel","Fosel- The Jade Furnace Remixes [treetrunk 142]",1218,"2011-03-27 21:05:34"
"208","TheWebbedHandIterations","Thomas Park","Thomas Park, C.P. McDill & Others- The Webbed Hand Iterations [treetrunk 324]",138,"2019-08-13 10:22:51"
"209","TheSeekersStone","Thomas Park & Antonella Porcelluzzi","Thomas Park & Antonella Porcelluzzi- The Seeker's Stone [treetrunk 610]",341,"2021-01-17 12:00:17"
"210","Reanimation_Is_A_Gift","Lezet & Thomas Park","Lezet & Thomas Park- Reanimation Is A Gift [treetrunk 693]",152,"2021-08-07 00:48:32"
"211","RecomHouse","Thomas Park","DJ Iterate- Recom House [treetrunk 619]",342,"2021-02-08 00:09:50"
"212","subjazzsunsessions","Thomas Park","Thomas Park- SubJazz The Sun Sessions [treetrunk 486]",139,"2020-01-03 23:52:46"
"213","Paradigm_Shifter","Thomas Park","Thomas Park- Paradigm Shifter [treetrunk 685]",201,"2021-07-15 07:44:28"
"214","RedTuesday","Thomas Park","DJ Iterate- Red Tuesday [treetrunk 657]",331,"2021-05-07 23:10:36"
"215","Never_Step_On_Moss_Again","ps","ps- Never Step On Moss Again [treetrunk 152]",1110,"2011-05-15 14:15:55"
"216","the-easiest","Thomas Park","Thomas Park- The Easiest [treetrunk 548]",500,"2020-08-03 10:49:38"
"217","B-612","Melophobia","Melophobia- B-612 [treetrunk 232]",1569,"2012-07-31 01:09:13"
"218","ArchivalSelections020","Thomas Park","Mystified- Urgent Cells [Archival Selections 020]",217,"2017-09-11 16:40:44"
"219","ElectricNerves","Thomas Park","DJ Iterate- Electric Nerves [treetrunk 537]",109,"2020-06-27 02:10:53"
"220","Klonk_Klang_EP","Rayspark Industries","Rayspark Industries- Klonk Klang EP [treetrunk121]",1254,"2010-11-16 15:31:40"
"221","MeridianCall","Thomas Park","Thomas Park- Meridian Call [treetrunk 452]",180,"2019-10-09 20:45:40"
"223","Constant_28","Digital Mass","Digital Mass- Constant 28 [treetrunk122]",2048,"2010-11-21 18:37:55"
"224","treetrunk006","Mystified","Mystified - 5 Minutes ( a history of the world) [treetrunk006]",1168,"2005-07-02 23:28:54"
"225","Constant_20","JMMIII","JMMIII- Constant 20 [treetrunk073]",539,"2009-01-04 23:42:24"
"226","All_The_Stones_Of_Our_Lives","AON","AON- All The Stones Of Our Lives [treetrunk084]",1138,"2009-05-06 20:43:28"
"227","ArchivalSelections001","Thomas Park","Mystified- Aluminum Fly [Archival Selections 001]",413,"2017-09-11 11:59:48"
"228","ArchivalSelections002","Thomas Park","AutoCad- AutoCad Reclaimed Disc One [Archival Selections 002]",293,"2017-09-11 12:11:02"
"229","ArchivalSelections006","Thomas Park","Mystified- D-Program [Archival Selections 006]",161,"2017-09-11 13:07:11"
"230","Broadcast_For_The_Sultan_2","Ayato & Mystified","Ayato & Mystified- Broadcast For The Sultan #2 [treetrunk 197]",1655,"2012-01-23 00:57:32"
"231","ChillDAT","Thomas Park","DJ Iterate- ChillDAT [treetrunk 583]",298,"2020-10-25 22:13:03"
"232","Aural_Fractals","Tange & Gregg Plummer","Tange & Gregg Plummer- Aural Fractals [treetrunk 159]",743,"2011-07-15 12:41:12"
"233","Escaping_The_Darkness","Jurko Haltuu","Jurko Haltuu- Escaping The Dark [treetrunk 135]",1070,"2011-02-28 00:55:26"
"234","Experimentalist","Alister Flint","Alister Flint-- Experimentalist [treetrunk 171]",1460,"2011-09-22 21:24:51"
"235","OneTribe","Thomas Park","Thomas Park- One Tribe [treetrunk 496]",166,"2020-01-19 12:49:57"
"236","DubOnFire","Thomas Park","Thomas Park- Dub On Fire [treetrunk 570]",158,"2020-10-15 17:50:36"
"237","En_resa_till_Botkyrka","Ars Sonor","Ars Sonor- ""En resa till Botkyrka"" [treetrunk 161]",1421,"2011-07-24 23:08:29"
"238","RunningTheNumbers","Thomas Park","Mystified- Running The Numbers [treetrunk 515]",172,"2020-03-25 00:43:19"
"239","Plunderman_4","Mystified","Mystified- Plunderman 4 [treetrunk 266]",2149,"2013-04-17 13:34:04"
"240","Pluto_and_Charon","Roy Mattson & Mystified","Roy Mattson & Mystified- Pluto and Charon [treetrunk 274]",2693,"2013-07-04 15:28:21"
"241","FractlDrop","Thomas Park","DJ Iterate- Fractl Drop [treetrunk 554]",95,"2020-08-31 01:43:54"
"242","DublandDelight","Thomas Park","DJ Iterate- Dubland Delight [treetrunk 573]",271,"2020-10-18 13:01:44"
"243","SilentWarriorsFromTheLunarWorld","900 Piesek","900piesek- Silent Warriors From The Lunar World [treetrunk 380]",599,"2017-09-19 12:05:31"
"244","SourceAndIdentity","Thomas Park","Thomas Park- Source And Identity [treetrunk 451]",556,"2019-10-03 20:33:09"
"245","SpinYah","Thomas Park","Thomas Park- Spin Yah [treetrunk 607]",447,"2021-01-09 00:11:10"
"246","Spintech","Thomas Park","DJ Iterate- Spintech [treetrunk 595]",141,"2020-11-22 12:21:35"
"248","ThomasParkTapeLoops","Thomas Park","Thomas Park- Tape Loops [treetrunk 369]",1378,"2017-06-25 23:32:04"
"249","TheWindhover","Lux Inaccessibilis","Lux Inaccessibilis- The Windhover [treetrunk 335]",1509,"2015-10-09 23:07:46"
"250","The_Future_Of_The_Mind","Boban Ristevski & Daniel Barbiero","Boban Ristevski & Daniel Barbiero - The Future Of The Mind [treetrunk 696]",143,"2021-08-18 10:25:04"
"251","TheSwordAndTheChalice","900 Piesek","900piesek- The Sword And The Chalice [treetrunk 346]",1093,"2016-08-10 20:48:50"
"253","Plasticworks","Thomas Park","Thomas Park- Plasticworks- [treetrunk 498]",173,"2020-01-25 17:55:06"
"254","Post_Void_Drones","Metek & Mystified","Metek & Mystified - Post Void Drones [treetrunk037]",909,"2008-01-29 01:27:04"
"255","ProbableMusic","Thomas Park","Thomas Park- Probable Music [treetrunk 466]",552,"2019-11-09 00:05:00"
"256","Noble_Enforcement_Painted_Energy","Thomas Park","DJ Iterate- Noble Enforcement Painted Energy [treetrunk 707]",223,"2021-10-07 06:54:43"
"257","NuGenHop","Thomas Park","DJ Iterate- NuGen Hop [treetrunk 647]",304,"2021-04-15 02:14:29"
"258","1000glitchdubsongsinoneday","Thomas Park","Thomas Park- 1000 Glitch Dub Songs (In One Day) [treetrunk 652]",96,"2021-04-22 22:04:28"
"259","Loopworks02","Thomas Park","Thomas Park- Loopworks 2 [treetrunk 404]",89,"2019-05-19 17:37:38"
"260","Missive_2","Tribe Of Astronauts","Tribe Of Astronauts - Missive_2 [treetrunk032]",748,"2007-11-20 20:31:02"
"261","TheIcelandicIterations","Thomas Park","Thomas Park & M.Nomized- The Icelandic Iterations [treetrunk 315]",317,"2019-07-28 20:34:23"
"262","RecursiveDrones","Thomas Park","Thomas Park- Recursive Drones [treetrunk 322]",635,"2019-08-12 08:50:49"
"263","Surrounded_By_Pages","Conure","Conure- Surrounded By Pages [treetrunk 211]",1290,"2012-03-28 19:14:38"
"264","RivieraSugarFruit","Thomas Park","Thomas Park- Riviera Sugar Fruit [treetrunk 731]",94,"2022-02-12 00:03:42"
"265","RulerOfGamesWilliams","Lorenzo Williams","Lorenzo Williams- Ruler Of Games [treetrunk 312]",796,"2014-12-14 13:44:54"
"266","Reverse_Eruption","Scrap Heap","Scrap Heap - Reverse Eruption [treetrunk040]",2838,"2008-03-20 05:12:21"
"267","SeagateLoops","Thomas Park","DJ Iterate- Seagate Loops [treetrunk 555]",99,"2020-09-01 09:30:45"
"268","Secret_Tapes_Remastered","Mystified","Mystified- Secret Tapes Remastered [treetrunk 130]",1711,"2011-01-30 20:16:53"
"269","TechnoCORE","Thomas Park","DJ Iterate- TechnoCore [treetrunk 579]",272,"2020-10-23 22:35:04"
"270","Red_Alert_CGG","Red Alert","Red Alert-- Code gleam gloom [treetrunk 198]",1402,"2012-01-19 23:25:48"
"271","Reflections_In_Silver","Tribe Of Astronauts","Tribe Of Astronauts-- Reflections In Silver [treetrunk 182]",1751,"2011-10-23 17:09:18"
"272","TheCaliphateAndTheWorldsSeductiveSwell","Thomas Park","DJ Frankenstone- The Caliphate And The World's Seductive Spell [treetrunk 730]",147,"2022-02-09 03:52:11"
"274","TheProphetBrian11162021","Thomas Park","Thomas Park- The Prophet Brian 11.16.2021 [treetrunk 717]",97,"2021-11-17 19:14:23"
"275","TheRootsOfLoopHop","Thomas Park","Thomas Park- The Roots Of Loop Hop [treetrunk 509]",184,"2020-03-07 12:44:29"
"276","The_Cusp_Of_Change","Digital Mass & Phillip Wilkerson","Digital Mass & Phillip Wilkerson-- The Cusp Of Change [treetrunk 153]",3072,"2011-05-29 16:38:55"
"277","ThomasParkJoshuaShafferInterview","Thomas Park","Thomas Park & Joshua Shaffer- Interview [treetrunk 648]",111,"2021-04-17 14:16:55"
"279","This_Aint_No_CBGBs","Thomas Park","DJ Iterate- This Ain't No CBGBs [treetrunk 687]",176,"2021-07-20 08:29:06"
"280","a_secret_life","iaiko","iaiko- a secret life [treetrunk 179]",1109,"2011-10-15 16:17:48"
"281","Totally_Massive","Digital Mass","Digital Mass- Totally Massive [treetrunk108]",1350,"2010-09-26 01:14:58"
"282","Leaf_Pass","Second Thought","Second Thought- Leaf Pass [treetrunk 164]",1625,"2011-08-13 01:51:58"
"283","Square_Exceptional_Seven_Became","Thomas Park","Thomas Park- Square Exceptional Seven Became [treetrunk 706]",266,"2021-10-02 04:12:41"
"285","IntroducingSubJazz","Thomas Park","Thomas Park- Introducing SubJazz [treetrunk 485]",224,"2019-12-29 08:38:52"
"286","Skull_Of_New_One","Achondar","Achondar- Skull Of New One [treetrunk 268]",1567,"2013-05-08 12:53:35"
"287","SpellOfEclipse","Thomas Park","Thomas Park- Spell Of Eclipse [treetrunk 571]",191,"2020-10-15 18:01:43"
"288","SpiralSuite","Thomas Park","Thomas Park- Spiral Suite: Burning Forests [treetrunk 339]",133,"2019-09-05 01:02:05"
"289","SyntheticHipHop","Thomas Park","DJ Iterate- Synthetic Hip Hop [treetrunk 587]",348,"2020-11-01 23:36:53"
"290","X_Zieltogend","Zieltogend","Zieltogend- Constant 17 [treetrunk065]",491,"2008-11-16 18:18:42"
"291","AutoCadReclaimedPart2","Thomas Park","AutoCad - AutoCad Reclaimed Part 2 [treetrunk047]",1176,"2008-06-04 15:45:21"
"292","Bad_Shift","Thomas Park","DJ Iterate- Bad Shift [treetrunk 684]",485,"2021-07-12 01:54:50"
"293","MusicBoxIterations","Thomas Park","Thomas Park- Music Box Iterations [treetrunk 500]",143,"2020-01-26 21:06:46"
"294","MusicForAirportsInDub","Thomas Park","Thomas Park & Brian Eno- Music For Airports In Dub [treetrunk 490]",759,"2020-01-07 00:01:15"
"295","DataAndBass","Thomas Park","DJ Iterate- Data And Bass [treetrunk 575]",240,"2020-10-20 14:41:58"
"296","Digital_Mass_Doxology","Digital Mass","Digital Mass- Doxology [treetrunk107]",1079,"2010-07-20 12:44:42"
"297","SatieInDub","Thomas Park","Thomas Park- Satie In Dub [treetrunk 491]",188,"2020-01-08 18:44:24"
"298","Recent_Identical_Visual","Thomas Park","DJ Frankenstone- Recent Identical Visual [treetrunk 711]",126,"2021-10-17 06:28:45"
"299","ShortwaveRadioInHighFidelity","Thomas Park","Thomas Park- Shortwave Radio In High Fidelity [treetrunk 363]",888,"2017-05-20 13:34:09"
"300","SleepNet","Thomas Park","DJ Iterate- SleepNet [treetrunk 626]",400,"2021-02-26 14:43:09"
"301","SpokenWordSamples","Thomas Park","Thomas Park- Spoken Word Samples [treetrunk 370]",4186,"2017-07-01 09:38:18"
"302","SnakesOnPlanes","Thomas Park","Thomas Park & Brian Eno- Snakes On Planes [treetrunk 483]",301,"2019-12-23 15:57:39"
"303","Ann_Or_Lunda","Ann Or Lunda","Ann Or Lunda- Ann Or Lunda [treetrunk 603]",144,"2020-12-29 14:20:21"
"304","Seetyca_Suite","Seetyca","Seetyca - die comoedia von der zeit [treetrunk022]",10276,"2006-11-18 22:52:16"
"305","Remade_Youth_Music","Thomas Park","DJ Iterate- Remade Youth Music [treetrunk 747]",80,"2022-04-29 06:48:49"
"306","MyVisionInTheBushOfGhosts","Thomas Park, Brian Eno and David Byrne","Thomas Park & Brian Eno and David Byrne- My Vision In The Bush Of Ghosts [treetrunk 649]",683,"2021-04-18 01:41:41"
"307","Onboard_The_Nowhere_Train","Digital Mass","Digital Mass- Onboard The Nowhere Train [treetrunk 123]",1503,"2010-12-21 16:47:12"
"308","Organs_Of_The_Earth","Sohnn","Sohnn- Organs Of The Earth [treetrunk 140]",1087,"2011-03-18 02:27:32"
"309","Onlysomewordspersist","FutureLight","FutureLight - Only some words persist [treetrunk 745]",91,"2022-04-23 11:34:14"
"310","SalvationArmy","Thomas Park (with Hertz and Frore)","Mystified (with Hertz and Frore)- Salvation Army [treetrunk 359]",1087,"2016-12-23 16:23:19"
"311","Scattered_Mist","Mystified","Mystified- Scattered Mist [treetrunk 286]",2554,"2013-10-08 20:58:28"
"312","Inconstant","C. Reider","C. Reider - Inconstant [treetrunk048]",2138,"2008-06-09 13:01:03"
"313","IterativeFrescoes","Thomas Park","Thomas Park- Iterative Frescoes [treetrunk 470]",147,"2019-11-16 07:02:15"
"314","GridResistorOmicron","Grid Resistor","Grid Resistor- Omicron [treetrunk 376]",540,"2017-08-12 19:18:53"
"315","FarNA","Thomas Park","DJ Iterate- FarNA [treeetrunk 599]",338,"2020-12-03 10:25:18"
"316","NormalPeople","Thomas Park","Thomas Park- Normal People [treetrunk 405]",222,"2019-05-20 10:37:18"
"317","Machine_Of_Night","Grove Of Whispers","Grove Of Whispers- Machine Of Night [treetrunk 273]",1314,"2013-06-25 02:32:19"
"318","Taakeheimen","Svarte Fjell","Svarte Fjell- Taakeheimen [treetrunk 234]",1550,"2012-08-14 12:23:52"
"319","HarryPartchIterations","Thomas Park","Thomas Park & Harry Partch- Harry Partch Iterations [treetrunk 504]",233,"2020-02-13 02:07:21"
"320","HighFidelityShortwaveOuttakes","Thomas Park","Thomas Park- High Fidelity Shortwave Outtakes [treetrunk 365]",1886,"2017-05-25 10:23:10"
"321","Cuatro_Bailes_Polca","Los Melomiedos","Los Melomiedos- Cuatro Bailes Polca [treetrunk 281]",1187,"2013-08-30 16:17:45"
"322","CuratedCarnations","Thomas Park","Thomas Park- Curated Carnations [treetrunk 621]",587,"2021-02-17 02:19:15"
"323","Beneath_Jii_Music","Jii-Music","Jii-Music- Beneath [treetrunk 256]",2137,"2013-02-03 00:39:38"
"324","BhanFract","Thomas Park","DJ Iterate- BhanFract [treetrunk 557]",235,"2020-09-03 10:59:54"
"325","BlueHeartOfDrones","M.Nomized & Mystified","M.Nomized & Mystified- Blue Heart Of Drones [treetrunk 310]",1924,"2014-10-31 19:04:38"
"326","WHEDGRemixes","Thomas Park & Webbed Hand Records","Webbed Hand EDG Remixes- Thomas Park [treetrunk 724]",155,"2022-01-08 09:34:52"
"327","Complex_Silence_25","Jack Hertz","Jack Hertz- Complex Silence 25 [treetrunk 222]",2057,"2012-06-23 14:33:32"
"328","Complex_Silence_16","Tribe Of Astronauts","Tribe Of Astronauts-- Complex Silence 16 [treetrunk 156]",1802,"2011-06-21 20:51:52"
"329","Complex_Silence_32","Phillip Wilkerson & Mystified","Phillip Wilkerson & Mystified- Complex Silence 32 [treetrunk 259]",2836,"2013-02-07 14:16:07"
"330","ChromosomalCaravan","Thomas Park","DJ Iterate- Chromosomal Caravan [treetrunk 676]",167,"2021-06-12 21:50:50"
"331","UrbanLandscapeMusic","Thomas Park","Thomas Park- Urban Landscape Music [treetrunk 321]",163,"2019-08-12 08:30:20"
"332","BeatsForNed","Thomas Park & Black Saturn","Thomas Park & Black Saturn- Beats For Ned [treetrunk 615]",184,"2021-02-01 15:50:50"
"333","BeatsInTheDust","Thomas Park","Thomas Park- Beats In The Dust [treetrunk 569]",207,"2020-10-14 15:18:26"
"334","TheHouseOfSunAndRain","Thomas Park","DJ Iterate- The House Of Sun And Rain [treetrunk 633]",120,"2021-03-12 10:23:52"
"335","TapeCassetteRemixesEP","Uzbazur","Uzbazur- Tape Cassette Remixes EP [treetrunk 394]",719,"2017-11-25 00:49:50"
"336","Tertium_Quid","Akashic Crow's Nest","Akashic Crow's Nest - Tertium_Quid [treetrunk028]",2383,"2007-07-25 23:08:01"
"337","The_Prophet_Brian_10.28.2021","Thomas Park","Thomas Park- The Prophet Brian 10.28.2021 [treetrunk 715]",162,"2021-10-28 21:31:39"
"338","Action_Cities_Office_Expanded","Bruce Wain","Bruce Wain- Action Cities Office Expanded [treetrunk 704]",330,"2021-09-20 02:03:34"
"339","The_UFO_Hoax","Mystified","Mystified- The UFO Hoax [treetrunk 302]",1729,"2014-08-15 19:30:51"
"340","Amalgamated_Wreckage","Digital Mass","Digital Mass- Amalgamated Wreckage [treetrunk100]",1298,"2010-06-28 11:38:21"
"341","ArchivalSelections019","Thomas Park","Mystified- Urbscape [Archival Selections 019]",225,"2017-09-11 16:26:26"
"342","ArchivalSelections016","Thomas Park","Thomas Park- Stellar Fugue [Archival Selections 016]",250,"2017-09-11 16:01:11"
"343","Numinous_Transmissions","Mystified & Daniel Barbiero","Mystified & Daniel Barbiero- Numinous Transmissions [treetrunk 304]",2734,"2014-08-31 22:01:25"
"344","TheDarknessInThePlain","Thomas Park","Thomas Park- The Darkness In The Plain [treetrunk 589]",555,"2020-11-04 17:12:52"
"345","TheNightHadGoldInItsTeeth","Lucifitias","Luciftias- The Night Had Gold In Its Teeth [treetrunk 347]",684,"2016-09-05 19:04:11"
"346","UnderSaharanStars","Thomas Park","Thomas Park- Under Saharan Stars [treetrunk 538]",121,"2020-06-28 15:41:46"
"347","PopDragon","Thomas Park","DJ Iterate- PopDragon [treetrunk 643]",129,"2021-04-09 10:03:34"
"348","Presence","Mystified","Mystified- Presence [treetrunk 309]",5190,"2014-10-22 15:11:22"
"349","RoughMemoryGlamour","Thomas Park","DJ Iterate- Rough Memory Glamour [treetrunk 741]",158,"2022-03-13 04:59:25"
"350","The_Eternal_Torment_Of_Prometheus","Scott Lawlor & Mister Vapor","Scott Lawlor & Mister Vapor- The Eternal Torment Of Prometheus [treetrunk 299]",2501,"2014-06-16 02:31:26"
"351","MosaicsTrancemashPacificCurrents","Thomas Park","DJ Iterate- Mosaics, Trancemash and Pacific Currents [treetrunk 525]",142,"2020-05-31 23:25:05"
"352","RockAndJazz","Thomas Park","Thomas Park- Rock And Jazz [treetrunk 458]",234,"2019-10-26 12:50:01"
"353","RuleAndBass","Thomas Park","DJ Iterate- Rule And Bass [treetrunk 638]",257,"2021-03-21 16:37:05"
"354","Monument_Short_Term_Effect","A Short Term Effect","A Short Term Effect- Monument [treetrunk 258]",2013,"2013-02-06 14:32:23"
"355","Lost_In_The_Sands","EugeneKha","EugeneKha- Lost In The Sands [treetrunk 269]",7191,"2013-04-24 01:03:05"
"356","SynchronousCity","Thomas Park","Thomas Park & The Hippies- Synchronous City [533]",262,"2020-06-18 11:20:52"
"357","StormTheSamples","Thomas Park","Thomas Park- Storm The Samples [treetrunk 472]",136,"2019-11-23 03:28:35"
"358","MyHeartRemainsInTheRiverValley","Thomas Park","Thomas Park- My Heart Remains In The River Valley [treerunk 751]",55,"2022-05-25 01:52:26"
"359","MysticalRecursionRemixes","Mystified & Christopher Alvarado","Mystified & Christopher Alvarado- The Mystical Recursion Remixes [treetrunk 340]",1310,"2016-04-17 02:49:25"
"360","Mystical_Recursion","Mystified & Christopher Alvarado","Christopher Alvarado & Mystified- Mystical Recursion [treetrunk 325]",1880,"2015-03-22 22:22:22"
"361","MystifiedSecretOps","Mystified","Mystified- Secret Ops [treetrunk 338]",5387,"2016-02-17 15:37:38"
"362","MementoMori_201508","All Is Forgotten","All Is Forgotten- Memento Mori [treetrunk 330]",2185,"2015-08-16 00:41:50"
"363","Switzerlanderground_2","CDRX","CDRX- Switzerlanderground 2 [treetrunk 282]",1239,"2013-09-13 19:22:27"
"364","OurMadLowHouse","Thomas Park","DJ Iterate- Our Mad Low House [treetrunk 666]",188,"2021-05-29 08:24:29"
"365","Le_chant_troublant_des_sirenes","CDRX","cdrx- Le chant troublant des sirenes [treetrunk 248]",1809,"2012-11-09 19:36:44"
"366","Signal_Intelligence","Tribe Of Astronauts","Tribe Of Astronauts - Signal Intelligence [treetrunk 746]",96,"2022-04-23 20:24:54"
"367","Skywatchers_2","Mystified","Mystified- Skywatchers 2 [treetrunk081]",2346,"2009-04-15 19:30:08"
"368","SoundCollageScience","Thomas Park","Thomas Park- Sound Collage Science [treetrunk 444]",723,"2019-09-14 07:02:51"
"369","Sperum","EugeneKha","EugeneKha- Sperum [treetrunk 202]",6800,"2012-01-28 15:07:02"
"370","Seagram_Studies","Fabio Keiner","Fabio Keiner-- Seagram Studies [treetrunk 174]",1523,"2011-10-03 22:58:02"
"371","Raw_Ontology","900 Piesek","900piesek- Raw Ontology [Treetrunk 151]",1084,"2011-05-15 00:16:06"
"372","Mystified_Big_Shoulders_Mix","Thomas Park","Mystified - Big Shoulders Mix [treetrunk033]",1289,"2007-11-20 21:50:42"
"373","MystifiedvSeism","Mystified & Seism","Mystified Versus Seism - [treetrunk 023]",1041,"2007-01-16 14:56:32"
"374","Mystified_Nocturne","Thomas Park","Mystified - Nocturne [treetrunk015]",13218,"2006-05-13 11:57:25"
"375","Syringlobulia","Kecap Tuyul","Kecap Tuyul- Syringlobulia [treetrunk 203]",1460,"2012-01-30 22:44:44"
"376","Swamp_Magnetics","Drone Wallah","Drone Wallah- Swamp Magnetics [treetrunk 177]",1947,"2011-10-12 01:28:24"
"377","TOXMAP","Mark Wilson & Thomas Park","Conure & DJ Iterate- TOXMAP [treetrunk 628]",237,"2021-03-02 11:11:40"
"378","DreamForMeALongDarkDream","Thomas Park","Dream For Me A Long Dark Dream- Thomas Park [treetrunk 750]",46,"2022-05-24 04:43:34"
"379","Drowning_Mermaids","Digital Mass","Digital Mass- Drowning Mermaids [treetrunk 201]",2785,"2012-01-14 17:50:15"
"380","Stillborn_Dub","Ayato Versus Ghosts","Ayato Versus Ghosts- Stillborn Dub [treetrunk 158]",2029,"2011-07-11 20:50:48"
"381","SuperFlyGenJams","Thomas Park","DJ Iterate- Super Fly Gen Jams [treetrunk 603]",211,"2021-01-02 01:23:43"
"382","MachinesByContactMicrophone","Thomas Park","Thomas Park- Machines By Contact Microphone [treetrunk 362]",1553,"2017-05-19 01:06:26"
"383","MachinesThatMakeLove","Thomas Park","DJ Iterate- Machines That Make Love [treetrunk 614]",481,"2021-01-29 22:57:10"
"384","KarmaVesselEP","Thomas Park","Kosmik Leprechaun- Karma Vessel EP [treetrunk 476]",229,"2019-12-05 23:32:42"
"385","Despair_And_Deliverance","Android In Motion & Mystified","Android In Motion and Mystified- Despair and Deliverance [treetrunk072]",2256,"2008-12-11 23:56:58"
"386","Weights_And_Measures","Gurdonark","Gurdonark- Weights And Measures [treetrunk 191]",1915,"2011-11-30 14:12:42"
"387","Dark_Latitudes","Thomas Park","Thomas Park- Dark Latitudes [treetrunk 558]",242,"2020-09-05 04:39:05"
"388","ThomasParksMagicMusicMachine","Thomas Park","Thomas Park- Thomas Park's Magic Music Machine [treetrunk 592]",1588,"2020-11-14 08:07:42"
"389","ao772019","Thomas Park","Thomas Park- AO772019 [treetrunk 410]",200,"2019-07-07 13:52:58"
"390","VapoDisc","Thomas Park","DJ Iterate- VapoDisc [treetrunk 629]",1049,"2021-03-05 01:42:39"
"391","Viral_Threat","Thomas Park","Thomas Park- Viral Threat [treetrunk 507]",257,"2020-02-27 23:17:22"
"392","As_Sticky_As_Summer_Ever_Got","The Golden Gonk","The Golden Gonk- As Sticky As Summer Ever Got [treetrunk 279]",1085,"2013-08-14 11:39:34"
"393","A_Movement_Of_Air","Mister Vapor","Mister Vapor- A Movement Of Air [treetrunk 193]",1937,"2011-12-07 00:03:21"
"394","TheAllBluesIterations","Thomas Park","Miles Davis & Thomas Park- The All Blues Iterations [treetrunk 320]",369,"2019-08-08 11:01:05"
"395","AllegraGellerBrokenPieces","Allegra Geller","Allegra Geller- Broken Pieces [treetrunk 383]",873,"2017-10-19 23:55:10"
"396","BierBeNewAgain","Thomas Park","DJ Iterate- Bier Be New Again [treetrunk 600]",366,"2020-12-17 05:15:24"
"397","Broadcast_For_The_Sultan","Ayato & Mystified","Ayato & Mystified- Broadcast For The Sultan #1 [treetrunk 190]",2096,"2011-11-22 21:37:02"
"398","Blechno5","Thomas Park","Thomas Park- Blechno 5: A Land Of Spinning Stripes [treetrunk 335]",799,"2019-08-31 00:54:59"
"399","K-Tel_Hits","Mystified","Mystified- K-Tel Hits [treetrunk 326]",2300,"2015-04-18 15:27:27"
"400","EngineSoundOuttakes","Thomas Park","Thomas Park- Engine Sound Outtakes [treetrunk 395]",590,"2017-11-26 02:25:51"
"401","FunkAndBass","Thomas Park","DJ Iterate- Funk and Bass [treetrunk 596]",271,"2020-11-26 11:06:02"
"402","FurtherFartherYet","Thomas Park","Cousin Silas & Mystified- Further Farther Yet [treetrunk 412]",149,"2019-07-20 00:00:14"
"403","FormAndFunction","Thomas Park","DJ Frankenstone- Form And Function [treetrunk 601]",415,"2020-12-25 21:32:30"
"404","From_The_Archives","Mystified","Mystified- From The Archives [treetrunk 176]",1761,"2011-10-12 00:29:20"
"405","GoldenLabelRelease","Thomas Park","Thomas Park- Golden Label Release [treetrunk 734]",112,"2022-02-23 12:16:48"
"406","Powdered_Potatoes","Thomas Park","DJ Frankenstone- Powdered Potatoes [treetrunk 602]",197,"2020-12-27 07:19:55"
"407","Generative_I","Edward J. Powley","Edward J. Powley - Generative I: Conway's Game Of Life [treetrunk019]",14336,"2006-06-14 21:22:45"
"408","GridResistorOmega","Grid Resistor","Grid Resistor- Omega [treetrunk 379]",1147,"2017-08-22 12:11:08"
"409","PythonInTheBushOfGhosts","Thomas Park","Thomas Park- Python In The Bush Of Ghosts [treetrunk 481]",214,"2019-12-22 17:40:54"
"410","OverEasy","Thomas Park","DJ Iterate- Over Easy [treetrunk 604]",281,"2021-01-03 13:24:43"
"411","Dance_Like_Branches_Keiner","Fabio Keiner","Fabio Keiner- Dance Like Branches [treetrunk 214]",1630,"2012-04-09 23:15:17"
"412","DJIterateTimeMachine","Thomas Park","DJ Iterate- Time Machine [treetrunk 635]",253,"2021-03-19 03:08:04"
"413","Megacities2020LoopJam","Mystified & Christopher Alvarado","Mystified & Christopher Alvarado- Megacities 2020 Loop Jam [treetrunk 512]",134,"2020-03-14 02:43:58"
"414","DJIterateGreatScott","Thomas Park","DJ Iterate- Great Scott [treetrunk 536]",139,"2020-06-25 01:25:57"
"415","MoodyDancefloor","CDRX","cdrx- Moody Dancefloor [treetrunk 345]",819,"2016-07-17 13:44:52"
"416","MemoriesInBlueAndGreen","Thomas Park","Thomas Park- Memories In Blue And Green [treetrunk 636]",310,"2021-03-20 01:43:28"
"417","Morro_Bay","Thomas Park","DJ Iterate- Morro Bay [treetrunk 690]",193,"2021-07-24 07:12:13"
"418","DepecheFloyd","Thomas Park","DJ Iterate- Depeche Floyd [treetrunk 641]",221,"2021-04-02 03:17:56"
"419","City_Of_Drones","Mystified","Mystified - City Of Drones [trreetrunk039]",4668,"2008-03-18 16:42:09"
"420","ColdPythonDub","Thomas Park","Thomas Park- Cold Python Dub [treetrunk 477]",523,"2019-12-07 13:56:38"
"421","Complex_Silence_5","Phillip Wilkerson","Phillip Wilkerson- Complex Silence 5 [treetrunk101]",2102,"2010-07-06 16:19:08"
"422","Complex_Silence_13","Don Campau & Pharmakustik","Don Campau & Pharmakustic- Complex Silence 13 [treetrunk 138]",1253,"2011-03-26 16:09:21"
"423","DuneData","Thomas Park","DJ Iterate- Dune Data [treetrunk 578]",206,"2020-10-23 22:28:54"
"424","DreamsBeneathTheOshunTree","Thomas Park","Mystified- Dreams Beneath The Oshun Tree [treetrunk 520]",141,"2020-04-02 03:00:48"
"425","EscapingPhysicsInDub","Thomas Park","Thomas Park- Escaping Physics In Dub [treetrunk 503]",119,"2020-02-08 01:26:20"
"426","EasyBytes","Thomas Park","DJ Iterate- Easy Bytes [treetrunk 582]",221,"2020-10-25 17:56:29"
"427","Echoes_Of_A_Far_Melody","EugeneKha","EugeneKha- Echoes Of A Far Melody [treetrunk 134]",11353,"2011-02-19 21:30:39"
"428","TrancingTheWorldEntire","Thomas Park","Thomas Park- Trancing The World Entire [treetrunk 526]",142,"2020-06-04 01:58:35"
"429","SongsOfReference","Thomas Park & Matthew Freeman","Thomas Park & Matthew Freeman- Songs Of Reference [treetrunk 594]",188,"2020-11-18 14:57:18"
"430","1_Sigil_Of_Brass","Sigil Of Brass","Sigil Of Brass- 1 [treetrunk 210]",1020,"2012-03-26 23:08:55"
"431","laurissubatniexsoutofthebox","Lauris Subatniexs","Lauris Subatniexs- Out Of The Box [treetrunk 480]",127,"2019-12-20 23:38:19"
"432","Coalescent_Behavior","Kid Feardive","Kid Feardive-- Coalescent Behavior [treetrunk 180]",1099,"2011-10-23 00:28:06"
"433","Complex_Silence_14","Mystified","Mystified- Complex Silence 14 [treetrunk 147]",2542,"2011-04-23 07:13:22"
"434","ArchivalSelections010","Thomas Park","Mystified- Haiku 01 [Archival Selections 010]",194,"2017-09-11 13:33:21"
"435","ReturnToCardboardHotel","Thomas Park","Mystified- Return To Cardboard Hotel [treetrunk 617]",173,"2021-02-04 13:32:20"
"436","Organelles","Thomas Park","DJ Iterate- Organelles [treetrunk 559]",175,"2020-09-28 12:18:49"
"437","ghostly_radiance","The Ghost Between The Strings & Mystified","Mystified and The Ghost Between The Strings - Ghostly Radiance [treetrunk076]",2454,"2009-01-30 15:34:13"
"438","Alister_Flint_City_Nights","Alister Flint","Alister Flint- City Nights [treetrunk 199]",1230,"2012-01-05 23:56:40"
"439","ArchivalSelections021","Thomas Park","Mystified- Endless Flutter [Archival Selections 021]",233,"2017-09-12 11:29:32"
"440","PresenceTheAjnaReworks","Ajna","Ajna & Mystified- Presence (The Ajna Reworks)- Treetrunk 316",1358,"2015-01-16 12:51:58"
"441","DarkRebirth","Thomas Park","Mystified- Dark Rebirth [treetrunk 508]",188,"2020-03-04 02:54:26"
"442","Deupree_Cathedral","Caleb Deupree","Caleb Deupree- Cathedral [treetrunk067]",2369,"2008-11-26 17:06:12"
"443","Doilderklangderbucher","Christian Doil","Christian Doil- der klang der bücher [treetrunk 332]",1258,"2015-09-14 12:56:22"
"444","GSR5262019","Thomas Park","Thomas Park- GSR 5292019 [treetrunk 407]",60,"2019-05-27 22:45:16"
"445","ANightOnPluto","Scott Lawlor & Mystified","Scott Lawlor &  Mystified- A Night On Pluto [treetrunk 290]",2486,"2013-11-21 15:19:43"
"446","Complex_Silence_18","Bing Satellites","Bing Satellites-- Complex Silence 18 [treetrunk 166]",1951,"2011-08-27 01:21:08"
"447","National_Randomly","Jaime Munárriz & Thomas Park","Jaime Munárriz & Thomas Park- 197035 National Randomly [treetrunk 703]",138,"2021-09-10 05:05:15"
"448","complex_silence_8","Fosel","Fosel- Complex Silence 8 [treetrunk110]",1624,"2010-10-17 20:52:44"
"449","Our_World","Ploof","Ploof- Our World [treetrunk 144]",816,"2011-04-06 14:00:17"
"450","VacationByTheSea","Thomas Park","DJ Iterate- Vacation By The Sea [treetrunk 644]",180,"2021-04-10 01:49:13"
"451","Warped_Essence","Mister Vapor","Mister Vapor- Warped Essence [treetrunk99]",6021,"2010-06-21 23:33:02"
"452","FutureHop","Thomas Park","Thomas Park- Future Hop [treetrunk 567]",136,"2020-10-14 01:16:35"
"453","Fire_Bringer","Thomas Park","DJ Iterate- Fire-Bringer [treetrunk 606]",619,"2021-01-08 18:17:04"
"454","Five_Structures_And_A_Cold_Void","Miquel Parera & Alozeau","Miquel Parera & Alozeau- Five Structures And A Cold Void [treetrunk 270]",3871,"2013-05-11 12:45:26"
"455","FractalTecque","Thomas Park","DJ Iterate- FractalTecque [treetrunk 547]",121,"2020-08-01 15:56:55"
"457","Fractal_Techno","Mystified","Mystified- Fractal Techno [treetrunk 277]",1960,"2013-07-30 01:34:02"
"459","Loopworks3","Thomas Park","Thomas Park- Loopworks 3 [treetrunk 406]",139,"2019-05-25 07:04:46"
"460","GlitchNoir","Thomas Park","DJ Iterate- Glitch Noir [treetrunk 541]",172,"2020-07-05 23:48:24"
"461","ArchivalSelections011","Thomas Park","Mystified- Knowing Memphis [Archival Selections 011]",193,"2017-09-11 13:51:49"
"463","Introducing_Gen_House","Thomas Park","DJ Iterate- Introducing Gen House [treetrunk 658]",310,"2021-05-08 14:16:32"
"464","ConstantWavespanRemix","Wavespan & Mystified","Wavespan - Constant Wavespan Remix [treetrunk050]",1175,"2008-06-19 02:30:59"
"465","CurrentStreams","Thomas Park","Thomas Park- Current Streams In An Uneasy World [treetrunk 338]",273,"2019-09-02 20:09:25"
"466","Escape_From_Lhasa","Tim Doyle","Tim Doyle - Escape From Lhasa [treetrunk026]",13578,"2007-05-29 18:31:13"
"467","Etched_To_Fade","Shane Morris","Shane Morris- Etched To Fade [treetrunk 149]",1379,"2011-04-23 19:13:30"
"468","EternalEvolution","Black Saturn & Thomas Park","Black Saturn & Thomas Park- Eternal Evolution [treetrunk 737]",113,"2022-03-02 05:45:04"
"469","EverywhereDrone","Thomas Park","Thomas Park- Everywhere Drone [treetrunk 357]",1127,"2016-11-12 14:22:27"
"470","DubBris4","Thomas Park","Thomas Park- Dub Bris 4 [treetrunk 670]",435,"2021-05-30 04:00:46"
"471","EGG162022","Thomas Park","EDG_1_6_2022 by Thomas Park [treetrunk 723]",71,"2022-01-06 23:37:52"
"472","regdat_202010","Thomas Park","DJ Frankenstone- RegDAT [treetrunk 585]",237,"2020-10-29 08:32:05"
"473","DigitalMilk","Thomas Park","Mystified- Digital Milk [treetrunk 517]",194,"2020-03-28 05:26:50"
"474","AutomaticRemixes","Thomas Park","Thomas Park- Automatic Remixes [treetrunk 457]",947,"2019-10-25 00:33:25"
"475","thomasparkshortribs_202006","Thomas Park","Thomas Park- Short Ribs [treetrunk 532]",86,"2020-06-17 21:08:58"
"476","Cups_And_Pentacles","900 Piesek & Dren","900 Piesek & Dren- Cups And Pentacles [treetrunk 225]",3741,"2012-07-02 22:26:42"
"477","DJIterateChillTracks","Thomas Park","DJ Iterate- ChillTracks [treetrunk 640]",336,"2021-03-28 07:02:00"
"478","ClientBiographyMangaRefused","Thomas Park","DJ Frankenstone- Client Biography Manga Refused [treetrunk 708]",162,"2021-10-09 06:28:47"
"479","TheIntrigueIterations","Thomas Park","Rafael Flores & Thomas Park- The Intrigue Iterations [treetrunk 323]",178,"2019-08-12 23:15:15"
"480","GrayCelluloid","Thomas Park","DJ Iterate- Gray Celluloid [treetrunk 590]",670,"2020-11-05 14:12:55"
"481","Great_Stewardship","Gutterhulk","Gutterhulk- Great Stewardship [treetrunk 212]",1467,"2012-03-31 19:52:06"
"482","ArtistsSpeakOut","Tribe Of Astronauts","Artists Speak Out- Tribe Of Astronauts [treetrunk 719]",77,"2021-12-17 01:26:18"
"484","HibernationDreams","Thomas Park","Thomas Park- Hibernation Dreams [treetrunk 631]",303,"2021-03-10 13:21:30"
"485","HotButteredPancakes","Thomas Park","DJ Iterate- Hot Buttered Pancakes [treetrunk 630]",285,"2021-03-06 14:29:12"
"486","Homeshed","Gas Tank Orchestra","Gas Tank Orchestra- Homeshed [treetrunk116]",1886,"2010-11-04 22:56:25"
"488","RSG-1.29.2021.5","Thomas Park","Thomas Park- RSG 1.29.2021.5 [treetrunk 673]",99,"2021-06-04 07:07:56"
"489","Three_Moments","Palancar","Palancar- Three Moments [treetrunk079]",1972,"2009-02-23 18:43:19"
"490","Through_Liminal_States","Mystified & Christopher Alvarado","Christopher Alvarado & Mystified- Through Liminal States [treetrunk 287]",2589,"2013-10-09 12:25:08"
"491","TheGymnopediesIterations","Thomas Park","Erik Satie & Thomas Park- The Gymnopedies Iterations [treetrunk 318]",607,"2019-07-29 23:19:44"
"492","TheHauntedProcessor","Thomas Park","Thomas Park- The Haunted Processor [treetrunk 337]",460,"2019-08-31 22:16:52"
"493","TheHippieJams","Thomas Park","Thomas Park & The Hippies-- The Hippie Jams [treetrunk 553]",152,"2020-08-15 21:20:49"
"494","ThomasParkDubCode","Thomas Park","Thomas Park- DubCode [treetrunk 560]",363,"2020-10-01 02:19:23"
"495","MyLifeInTheEndlessBush","Thomas Park, Brian Eno and David Byrne","Thomas Park & Brian Eno And David Byrne-- My Life In The Endless Bush [treetrunk 650]",872,"2021-04-21 18:31:31"
"496","MystifiedSovereign","Mystified","Mystified- Sovereign [treetrunk 336]",2813,"2015-10-23 18:37:35"
"497","ModernCollectibles","Thomas Park","Thomas Park- Modern Collectibles [treetrunk 534]",185,"2020-06-20 08:59:45"
"498","MostIllogicalFunk","Thomas Park","DJ Iterate- Most Illogical Funk [treetrunk 599]",262,"2020-12-13 22:33:09"
"499","MachinesOnMachinesSounds","Thomas Park","Thomas Park- Machines On Machines Samples [treetrunk 264]",2836,"2017-11-04 08:13:12"
"500","ManciniInDub","Thomas Park","Thomas Park- Mancini In Dub [treetrunk 492]",202,"2020-01-09 23:57:11"
"501","Nix_And_Hydra","Kinematik VKE","Kinematik VKE- Nix and Hydra [treetrunk 301]",1335,"2014-06-27 16:15:02"
"502","NoMoreNukes","Graffiti Mechanism","Graffiti Mechanism- No More Nukes [treetrunk058]",510,"2008-09-09 00:14:08"
"503","NorthChinaImages","Thomas Park","DJ Iterate- North China Images [treetrunk710]",119,"2021-10-16 11:51:31"
"504","OdaKlonkEinHausDasKlingt","Oda Klonk","Oda Klonk- Ein Haus Das Klingt [treetrunk 355]",951,"2016-10-02 14:04:26"
"505","NewFunkOverdub","Thomas Park","DJ Iterate- New Funk Overdub [treetrunk 654]",161,"2021-05-01 04:03:22"
"506","SpacemanOurHero","Thomas Park","DJ Iterate- Spaceman Our Hero [treetrunk 613]",828,"2021-01-26 03:46:07"
"507","SitAndBeWell","Matthew Pollock","Matthew Pollock- Sit And Be Well [treetrunk 382]",921,"2017-10-14 17:09:27"
"508","SnakeCliffIterations","Thomas Park","Thomas Park- Snake Cliff Iterations [treetrunk 330]",117,"2019-08-21 23:48:46"
"509","South_City_Spring","Thomas Park","Mystified - South City Spring [treetrunk013]",6921,"2006-01-16 17:16:10"
"510","Remote_Soil","Occupied Head & DJ Iterate","Occupied Head & DJ Iterate- Remote Soil [treetrunk 716]",524,"2021-11-11 04:14:08"
"511","Phosphorus","K.M. Krebs","K.M. Krebs - Phosphorous [treetrunk025]",2981,"2007-04-27 23:16:45"
"512","TheBurningEmberOfStingyJack","Jack Hertz","Jack Hertz- The Burning Ember Of Stingy Jack [treetrunk 337]",1713,"2015-10-31 11:17:24"
"513","SubJazzExplosion","Thomas Park","Mystified- SubJazz Explosion [treetrunk 618]",882,"2021-02-04 21:12:49"
"514","AugustGreenCounterCulture","Thomas Park","Thomas Park- August Green Counter Culture- treetrunk 733",128,"2022-02-20 17:23:07"
"515","1000HipHopSongsInADay","Thomas Park","Thomas Park- 1000 Hip Hop Songs (In A Day) [treetrunk 660]",467,"2021-05-15 23:18:42"
"516","September_11_TTWOSS","Thanato Twist & Oleg's Sound System","Thanato Twist & Oleg's sound system-- September 11 [treetrunk 196]",1514,"2012-01-19 23:06:32"
"517","SoundsThatShookTheWorld","Thomas Park","Thomas Park- Sounds That Shook The World [treetrunk 539]",145,"2020-06-29 15:40:11"
"518","SouqSalvage","Thomas Park","Thomas Park- Souk Salvage [treetrunk 448]",234,"2019-09-18 01:15:07"
"519","All_Soul_Letter","Thomas Park","DJ Iterate - All Soul Letter [752]",43,"2022-05-30 12:58:25"
"520","BeyondTheBlackVapor","Mister Vapor","Mister Vapor- Beyond The Black Vapor [treetrunk 356]",1237,"2016-11-11 14:14:55"
"521","GenLoopTracks","Thomas Park","Thomas Park- GenLoopTracks [treetrunk 722]",256,"2022-01-05 23:02:22"
"522","InTheBushOfDubstep","Thomas Park","Thomas Park, Brian Eno & David Byrne-- In The Bush Of Dubstep [treetrunk 528]",333,"2020-06-06 10:34:03"
"523","ZurArbeit","RLW/PAAK","RLW/PAAK: Zur Arbeit (Augsburger Gerberei) - [treetrunk 361]",482,"2017-04-08 12:43:11"
"524","VaporDAT","Thomas Park","Thomas Park- VaporDAT [treetrunk 580]",252,"2020-10-23 22:39:52"
"525","ThomasParkSaintLouisUrbanPhonography","Thomas Park","Thomas Park- Thomas Park: Saint Louis Urban Phonography [treetrunk 391]",1038,"2017-11-19 01:08:30"
"526","ThomasParkZoomRecordings","Thomas Park","Thomas Park- Thomas Park Zoom Recordings [treetrunk 522]",339,"2020-04-07 20:04:19"
"527","ThomasParkGenerativeMIDI","Thomas Park","Thomas Park- Generative MIDI [treetrunk 392]",682,"2017-11-24 22:24:19"
"528","TransientTotal","Thomas Park","Thomas Park- Transient Total [treetrunk 328]",214,"2019-08-19 00:08:00"
"529","TreeHelicopterAndThomasParkNitre_201711","Tree Helicopter & Thomas Park","Tree Helicopter & Thomas Park- Nitre [treetrunk 399]",806,"2017-11-30 09:22:50"
"530","EugeneKhaWinterReminiscence","EugeneKha","EugeneKha- Winter Reminiscence About Strange Summer Night [treetrunk 313]",9528,"2014-12-28 06:15:19"
"531","Thrones_by_Seetyca_with_Mystified","Seetyca & Mystified","Seetyca & Mystified- Thrones [treetrunk 157]",2377,"2011-07-10 13:53:05"
"532","Ananta_Live","Ananta","Ananta - Live On Rainy Days [treetrunk027]",2068,"2007-07-22 22:44:06"
"534","Complex_Silence_36","Scott Lawlor","Scott Lawlor- Complex Silence 36 [treetrunk 272]",2245,"2013-05-30 13:41:50"
"536","ZoomBIts","Thomas Park","Mystified- Zoom Bits [treetrunk 521]",92,"2020-04-04 15:08:21"
"537","Encrypted_Transmission","Thomas Park","DJ Frankenstone- Encrypted Transmission [treetrunk 748]",62,"2022-05-19 00:43:15"
"538","EndlessDubGeneration5312021","Thomas Park","Thomas Park- Endless Dub Generation 5.31.2021 [treetrunk 672]",170,"2021-06-01 01:13:41"
"539","GroveOfWhispersBetween","Grove Of Whispers","Grove Of Whispers- Between [treetrunk 303]",1223,"2014-08-31 15:04:40"
"540","Ghostbone_2","The Ghost Between The Strings & Mystified","The Ghost Between The Strings & Mystified- Ghostbone 2 [treetrunk 260]",2500,"2013-02-18 00:07:50"
"541","HoldOnForIanCurtis","Thomas Park","Thomas Park- Hold On [treetrunk 572]",172,"2020-10-16 08:27:51"
"542","Force_About_State_Standard","DJ Chops & DJ Iterate","DJ Iterate & DJ Chops- Force About State Standard [treetrunk 705]",69,"2021-09-23 02:31:50"
"543","ForkedAndWired","Thomas Park","DJ Frankenstone- Forked And Wired [treetrunk 624]",137,"2021-02-20 10:06:45"
"544","EDC12192021","Thomas Park","Thomas Park- EDC12192021 [treetrunk 721]",167,"2021-12-20 05:49:09"
"545","ComplexSilence35","LAJ","LAJ- Complex Silence 35 [treetrunk 267]",1950,"2013-04-22 00:09:08"
"546","Complex_Silence_24","The Ambient Visitor","The Ambient Visitor- Complex Silence 24 [treetrunk 220]",2333,"2012-05-23 19:09:32"
"547","Complex_Silence_23","Phillip Wilkerson","Phillip Wilkerson- Complex Silence 23 [treetrunk 215]",3123,"2012-04-24 02:04:32"
"548","Complex_Silence_29","Phillip Wilkerson","Phillip Wilkerson-- Complex Silence 29 [treetrunk 244]",3299,"2012-10-28 17:20:01"
"549","Complex_Silence_17","Tange","Tange- Complex Silence 17 [treetrunk 160]",2285,"2011-07-24 22:23:27"
"550","Mobin_Inner_Collapse","Anton Mobin","Anton Mobin- Inner Collapse [treetrunk 090]",3536,"2009-08-13 15:51:01"
"551","Blue_Gene_Acoustic","Thomas Park","Thomas Park- Blue Gene Acoustic [treetrunk 675]",170,"2021-06-11 12:05:39"
"552","In_The_Studio_And_In_My_Room","Gregory Wildes","Gregory Wildes-- In The Studio & In My Room [treetrunk 204]",1366,"2012-02-04 03:01:34"
"553","AltercusRemastered","Mister Vapor","Mister Vapor- Altercus Remastered [treetrunk 333]",1736,"2015-09-27 18:06:27"
"554","LA_Zombie","Adam Stalker","Adam Stalker- LA Zombie [treetrunk105]",863,"2010-08-25 19:13:54"
"556","Life_Set","Martin Del Litto","Martin Del Litto- Life Set [Treetrunk 168]",1767,"2011-09-04 16:23:30"
"557","Generative_Themes","Tange","Tange- Generative Themes [treetrunk 143]",1586,"2011-04-02 19:44:57"
"558","KurtNimmoExpressions","Kurt Nimmo","Kurt Nimmo- Expressions [treetrunk 662]",262,"2021-05-20 01:57:39"
"559","Black_Box","Ars Sonor & Mystified","Ars Sonor & Mystified- Black Box [treetrunk 162]",2678,"2011-07-26 19:56:13"
"560","BeatsForNed2","Thomas Park & Black Saturn","Thomas Jackson Park & Black Saturn- Beats For Ned 2 [treetrunk 661]",195,"2021-05-16 07:44:03"
"561","Bermuda10272019","Thomas Park","Thomas Park- Bermuda10272019 [treetrunk 460]",170,"2019-10-28 08:29:57"
"562","CobaltProduct","Thomas Park","Thomas Park- Cobalt Product [treetrunk 402]",56,"2019-05-18 07:17:01"
"563","Complex_Silence_22","Altus","Altus- Complex Silence 22 [treetrunk 205]",4219,"2012-02-21 23:49:36"
"564","Complex_Silence_7","Tange","Tange- Complex Silence 7 [treetrunk106]",1496,"2010-09-19 15:44:52"
"565","Constant_29","Scott Lawlor","Scott Lawlor- Constant 29 [treetrunk 271]",1706,"2013-05-23 14:49:28"
"566","Corpse_Raiser","Jeff Sampson & Mystified","Jeff Sampson & Mystified- Corpse Raiser [treetrunk 167]",4348,"2011-09-01 21:22:04"
"567","ChairmanHIringUnited","Thomas Park","DJ Frankenstone- Chairman Hiring United [treetrunk 712]",89,"2021-10-18 21:47:13"
"568","DJIterateCodeBeats","Thomas Park","DJ Iterate- CodeBeats [treetrunk 531]",207,"2020-06-14 14:08:57"
"569","DJIteratePointOfOrigin","Thomas Park","DJ Iterate- Point Of Origin [treetrunk 530]",302,"2020-06-13 10:12:57"
"570","Distant_Observer","Kirill Platonkin","Kirill Platonkin- Distant Observer [treetrunk 141]",1925,"2011-03-20 14:30:53"
"571","Dubstep_Odyssey","Mystified","Mystified- Dubstep Odyssey [treetrunk 293]",2719,"2013-12-11 15:42:57"
"572","DeadCityDub","Thomas Park","Thomas Park- Dead City Dub [treetrunk 450]",247,"2019-09-20 00:08:19"
"573","EDG2242022","Thomas Park","Thomas Park- EDG2242022 [treetrunk 735]",83,"2022-02-25 01:51:48"
"574","Constant_21","Stephen Philips","Stephen Philips- Constant 21 [Treetrunk074]",1049,"2009-01-09 17:10:48"
"575","Discovered_Styles_For_The_Only","Mrs Dink & Thomas Park","Mrs Dink & DJ Iterate- Discovered Styles For The Only [treetrunk 695]",134,"2021-08-17 06:43:14"
"576","DonnedShadowKnight","Bruce Wain","Bruce Wain- Donned Shadow Knight [treetrunk 743]",208,"2022-03-16 02:56:06"
"577","Elusive_Spaces","Ajna","Ajna- Elusive Spaces [treetrunk 327]",1443,"2015-07-05 05:19:28"
"578","EmergeMirage","Emerge","Emerge- Mirage [treetrunk 250]",1813,"2012-12-15 02:31:19"
"579","AmbientCompound","EugeneKha","Evgenij V. Kharitonov– Ambient Compound [treetrunk 368]",1304,"2017-06-25 18:17:03"
"580","Jade_Furnace_I","K.M. Krebs","K.M. Krebs - The Jade Furnace I [treetrunk017]",13828,"2006-05-29 11:50:46"
"581","K_Sigma_Don","Thomas Park","DJ Frankenstone- K Sigma Don [treetrunk 688]",269,"2021-07-22 10:38:06"
"582","ExchangeDebris","Thomas Park","DJ Iterate- Exchange Debris [treetrunk 535]",136,"2020-06-20 16:30:59"
"583","ambisphere","Thomas Park","Thomas Park- AmbiSphere12282019 [treetrunk 484]",130,"2019-12-29 08:32:00"
"584","Mass_Modern_World","Thomas Park","DJ Iterate- Mass Modern World [treetrunk 691]",117,"2021-07-26 05:00:39"
"585","MoodyRecursionAssociatedMaterial","Thomas Park","Thomas Park- Moody Recursion Associated Material [treetrunk 736]",332,"2022-02-25 13:04:00"
"586","MysticCanon","Skincage & Mystified","Skincage & Mystified- Mystic Canon [treetrunk 322]",1870,"2015-02-08 01:15:08"
"587","WhiteHorseDarkHorse","Thomas Park","DJ Iterate- White Horse, Dark Horse [treetrunk 678]",607,"2021-06-19 14:50:20"
"588","Mystified_Amalgam","Mystified","Mystified - Amalgam [treetrunk085]",2124,"2009-05-31 12:40:13"
"589","Word_for_the_Day","Ancient Astronauts","Ancient Astronauts- Word for the Day [treetrunk119]",1625,"2010-11-09 21:40:44"
"590","Cathedrals_And_Churches","Grove Of Whispers","Grove Of Whispers- Cathedrals And Churches [treetrunk 289]",2173,"2013-11-10 14:22:51"
"591","Cavern_Of_Tile","Mystified","Mystified - Cavern Of Tile [treetrunk 016]",2463,"2006-05-22 21:55:21"
"592","AutoCad_Logarithm","AutoCad ","AutoCad - Logarithm [treetrunk020]",7409,"2006-10-04 18:09:34"
"593","VaporFract","Thomas Park","Thomas Park- VaporFract [treetrunk 551]",202,"2020-08-08 15:58:25"
"594","OracleAtTheCenterOfTheEarth","Thomas Park","Thomas Park- Oracle At The Center Of The Earth [treetrunk 468]",193,"2019-11-14 23:10:12"
"595","OuterlandMutations","Thomas Park","DJ Iterate- Outerland Mutations [treetrunk 616]",246,"2021-02-02 13:30:17"
"596","ThomasParkDocumentaryAudio","Thomas Park","Thomas Park- Documentary Audio [treetrunk 388]",326,"2017-11-07 14:43:59"
"597","ThomasParkTheDocumentariesPart2","Thomas Park","Thomas Park- Thomas Park: The Documentaries Part 2 [treetrunk 386]",162,"2017-11-06 19:03:18"
"598","ThomasParkLiveOnKDHX","Thomas Park","Thomas Park- Thomas Park Live On KDHX [treetrunk 473]",386,"2019-11-27 07:59:49"
"599","TwilightAtTheTikiLounge","Thomas Park","Thomas Park- Twilight At The Tiki Lounge [treetrunk 565]",350,"2020-10-09 13:16:43"
"600","UnsungSongs","Christiane Offenbar & Fabio Keiner","Christiane Offenbar and Fabio Keiner- Unsung Songs [treetrunk 218]",1784,"2012-05-08 20:46:04"
"601","PeakGenerativeIterativeJukebox","Thomas Park","Thomas Park- Peak Generative Iterative Jukebox [treetrunk 540]",93,"2020-07-03 14:37:45"
"602","Pod_People","Tim Doyle","Tim Doyle- Pod People [treetrunk 237]",1467,"2012-09-12 12:49:03"
"603","StormySeas","Thomas Park","DJ Iterate- Stormy Seas [treetrunk 645]",161,"2021-04-12 09:38:18"
"604","Sun_Dog","William Spivey & Christopher Alvarado","William Spivey & Christopher Alvarado- Sun Dog [treetrunk 311]",1327,"2014-12-04 11:01:35"
"605","Sequenced_Jams","Krohmyst","Krohmyst- Sequenced Jams [treetrunk 148]",949,"2011-04-22 01:15:32"
"606","SustainableSecurity","Thomas Park & Linn Friberg","Oriondrive- Sustainable Security [treetrunk 593]",295,"2020-11-18 00:16:48"
"607","Lows_And_Highs","Thomas Park","DJ Iterate- Lows And Highs [treetrunk 680]",176,"2021-07-07 10:38:16"
"608","Linguism","C. Reider","C. Reider- Linguism [treetrunk068]",1708,"2008-11-28 23:51:15"
"610","Soundcore","Thomas Park","Thomas Park- Soundcore [treetrunk 471]",225,"2019-11-17 11:11:22"
"611","Constant9andConstant10","Mystified & C.P. McDill","Mystified & C.P. McDill - Constant 9 and Constant 10 [treetrunk041]",2982,"2008-05-04 23:56:45"
"612","Constant14","Phillip Wilkerson","Phillip Wilkerson - Constant 14 [treetrunk052]",1660,"2008-07-07 17:31:05"
"613","Constant_16","Mystified","Mystified- Constant 16 [treetrunk059]",1914,"2008-09-13 02:00:38"
"614","Constant_18","Zieltogend","Zieltogend- Constant 18 [treetrunk069]",547,"2008-12-07 01:58:08"
"615","DanceClubOverdose","Thomas Park","DJ Iterate- Dance Club Overdose [treetrunk 753]",36,"2022-06-06 01:57:58"
"616","Darker_Days","JHACK","JHACK- Darker Days [treetrunk 242]",1985,"2012-10-03 21:38:42"
"617","DiscoHop","Thomas Park","DJ Iterate- DiscoHop [treetrunk 588]",516,"2020-11-02 23:34:49"
"618","Diego_Caicedo","Diego Caicedo","Diego Caicedo-- Diego Caicedo [treetrunk 192]",2908,"2011-11-30 14:51:40"
"619","DreamsFromALandBeforeTime","Thomas Park","Mystified- Dreams From A Land Before Time [treetrunk 598]",343,"2020-11-29 03:16:44"
"620","Complex_Silence_20","Shane Morris","Shane Morris-- Complex Silence 20 [treetrunk 183]",4810,"2011-10-24 01:08:08"
"621","Complex_Silence_11","Digital Mass","Digital Mass- Complex Silence 11 [treetrunk 129]",1717,"2011-01-29 16:42:29"
"622","Complex_Silence_31","Eric Jackson","Eric Jackson- Complex Silence 31 [treetrunk 252]",2376,"2012-12-27 22:53:07"
"623","Complex_Silence_34","Jack Hertz","Jack Hertz- Complex Silence 34 [treetrunk 264]",3007,"2013-03-16 11:44:42"
"624","Complex_Silence_37","Daniel Barbiero","Daniel Barbiero- Complex Silence 37 [treetrunk 275]",3310,"2013-07-07 13:28:19"
"625","CobaltCrop","Thomas Park","Thomas Park- Cobalt Crop [treetrunk 674]",232,"2021-06-05 21:35:07"
"626","GridResistorDelta","Grid Resistor","Grid Resistor- Delta [treetrunk 366]",486,"2017-06-04 03:24:19"
"627","edg2182022","Thomas Park","Thomas Park- EDG 2182022 [treetrunk 732]",72,"2022-02-20 07:40:46"
"628","constructing_nature_europe","Daniel Barbiero & Thomas Park","Daniel Barbiero & Thomas Park- constructing nature europe [treetrunk 698]",113,"2021-08-22 17:40:42"
"629","ir_patocos","pato_cos","pato cós- ir [treetrunk 257]",1613,"2013-02-03 14:58:05"
"630","ColdPythonDubRemixes","Thomas Park","Thomas Park- Cold Python Dub Remixes [treetrunk 482]",190,"2019-12-22 20:48:03"
"631","EricPietrasAllThisAndMoreThanABrother","Eric Pietras","Eric Pietras- All This And More Than A Brother [treetrunk 331]",1313,"2015-09-11 00:57:13"
"632","Shiftronica","Thomas Park","DJ Iterate- Shiftronica [treetrunk 681]",145,"2021-07-10 07:23:31"
"633","Quitting_The_Masses","Andrew Quitter & Digital Mass","Andrew Quitter & Digital Mass- Quitting The Masses [treetrunk113]",1486,"2010-10-20 16:16:17"
"634","AnOffKeyRelationship","Thomas Park","Mystified & Rebekkah Hilgraves: An Off-Key Relationship [treetrunk 519]",146,"2020-03-29 14:34:16"
"635","ArchivalSelections014","Thomas Park","Mystified- Overtone Drones [Archival Selections 014]",177,"2017-09-11 15:38:22"
"636","ArchivalSelections025","Thomas Park","Mystified- The Luminous Deep [Archival Selections 025]",181,"2017-09-12 11:49:16"
"637","ArchivalSelections005","Thomas Park","Mystified- Coming Days [Archival Selections 005]",159,"2017-09-11 12:46:59"
"638","Enkedeu","AON","AON- Enkedeu [treetrunk077]",1050,"2009-02-17 22:33:47"
"639","Dust_And_Fire","Thomas Park & Antonella Porcelluzzi","Thomas Park & Antonella Porcelluzzi- Dust And Fire [treetrunk 714]",109,"2021-10-24 17:28:21"
"640","Dub_From_The_Mountain","Thomas Park","DJ Iterate- Dub From The Mountain [treetrunk 665]",199,"2021-05-23 01:15:31"
"641","ArchivalSelections013","Thomas Park","Mystified- Night Wheel [Archival Selections 013]",185,"2017-09-11 14:07:40"
"643","ArchivalSelections027","Thomas Park","Mystified- Constant [Archival Selections 027]",229,"2017-09-12 11:58:43"
"644","ArchivalSelections004","Thomas Park","Mystified- Cereal For Dinner [Archival Selections 004]",263,"2017-09-11 12:34:22"
"645","Complex_Silence_19","Crystal Dreams","Crystal Dreams- Complex Silence 19 [treetrunk 170]",1762,"2011-09-22 12:58:36"
"646","Complex_Silence_12","Mysterybear","Mysterybear- Complex Silence 12 [treetrunk 133]",1999,"2011-02-26 22:47:01"
"647","Complex_Silence_10","Mister Vapor","Mister Vapor- Complex Silence 10 [treetrunk 124]",1783,"2010-12-24 00:23:41"
"649","HeliadesTheHeliosCycle","Thomas Park & Rebekkah Hilgraves","Thomas Park & Rebekkah Hilgraves- Heliades: The Helios Cycle [treetrunk 403]",192,"2019-05-18 18:06:51"
"650","IrregularMusic","Thomas Park","Thomas Park- Irregular Music [treetrunk 494]",262,"2020-01-17 21:50:58"
"651","IterativeAmbientGems","Thomas Park","Thomas Park- Iterative Ambient Gems [treetrunk 467]",335,"2019-11-14 21:04:22"
"652","KMKrebsConstant","K.M. Krebs","K.M. Krebs - K.M. Krebs Constant [treetrunk045]",1361,"2008-06-03 18:09:17"
"653","Blechno2","Thomas Park","Thomas Park- Blechno 2: The Return Of Blechno [treetrunk 332]",262,"2019-08-31 00:39:57"
"654","Ad_Dukhan","Ayato","Ayato- Ad Dukhan [treetrunk 219]",1652,"2015-01-27 13:34:19"
"655","goldregen","Christian Doil","Christian Doil- Goldregen [treetrunk 319]",1584,"2015-01-24 06:22:23"
"656","ZZDroniaDroneWallahRemix","Mystified & Drone Wallah","Mystified & Drone Wallah-- ZZDronia [treetrunk 187]",2097,"2011-11-11 20:06:52"
"657","Where_Angels_Fear_To_Tread","Mystified","Mystified- Where Angels Fear To Tread [treetrunk 241]",2655,"2012-09-30 22:44:32"
"658","WordsAndMusicAboutGenerative","Thomas Park & Joshua Shaffer","Thomas Park & Joshua Shaffer- Words And Music About Generative [treetrunk 622]",124,"2021-02-18 06:05:46"
"659","Ulv_And_Sauhu_Storm","Ulv & Sauhu","Ulv & Sauhu - Storm [treetrunk 092]",1608,"2009-09-05 19:22:02"
"660","audio_paintings","Thomas Park","Mystified - Audio Paintings [treetrunk024]",5964,"2007-03-07 20:31:28"
"661","Texture_2","Stephen Philips & Mystified","Stephen Philips & Mystified - Texture 2 [treetrunk036]",837,"2007-12-05 21:52:19"
"662","That_Which_Can_Not_Be_Cured_Must_Be_Endured","barrydillon","barrydillon-- That Which Can Not Be Cured Must Be Endured [treetrunk 184]",973,"2011-10-31 21:48:27"
"663","OdditySpiraleRemixes","Zumaia feat. Linn Friberg","Zumaia Feat. Linn Friberg- Oddity Spirale (Remixes) [treetrunk 677]",151,"2021-06-13 11:13:01"
"664","OldWordsNewOrders","Thomas Park","Thomas Park- Old Words, New Orders [treetrunk 611]",604,"2021-01-18 15:32:48"
"665","Anasa_Idor","Melophobia","Melophobia- Anasa, Idor [treetrunk 125]",1170,"2010-12-23 23:47:28"
"666","DJIterateWormsign","Thomas Park","DJ Iterate- Wormsign [treetrunk 542]",167,"2020-07-12 13:42:44"
"667","ChristmasSpirits","Thomas Park","Thomas Park & Ctephin- Christmas Spirits [treetrunk 479]",84,"2019-12-15 21:12:56"
"668","CodebeatRadio1262020","Thomas Park","Thomas Park- CodebeatRadio1262020 [treetrunk 499]",161,"2020-01-26 14:36:36"
"669","CodebeatRadio1302020","Thomas Park","Thomas Park- CodebeatRadio1302020 [treetrunk 501]",92,"2020-01-30 10:35:38"
"670","InTheBushOfDub","Thomas Park","Thomas Park, Brian Eno and David Byrne- In The Bush Of Dub [treetrunk 489]",239,"2020-01-06 20:12:13"
"671","simplyneverstudio","Thomas Park","DJ Iterate- simply never studio [treetrunk 739]",85,"2022-03-10 05:41:23"
"672","GenItGrooves","Thomas Park","Thomas Park- Gen-It Grooves [treetrunk 474]",225,"2019-11-28 13:45:10"
"673","LawlorIndustrialCurtain","Scott Lawlor & Mystified","Scott Lawlor (& Mystified)- Behind The Black Industrial Curtain [treetrunk 350]",687,"2016-09-23 02:25:33"
"674","Seetycadreamstateep","Seetyca","Seetyca- dreamstate ep [treetrunk 371]",493,"2017-07-07 12:48:36"
"675","20JazzFunkHits","Thomas Park","Thomas Park- 20 Jazz Funk Hits [treetrunk 411]",1580,"2019-07-17 12:09:57"
"676","1200HouseSongs","Thomas Park","Thomas Park- 1200 House Songs (In A Day) [treetrunk 659]",533,"2021-05-09 23:52:05"
"677","ThomasParkManyEngines","Thomas Park","Thomas Park- Many Engines [treetrunk 396]",439,"2017-11-26 04:39:54"
"678","Three_Moons","Scott Lawlor, EugeneKha and Mister Vapor","Scott Lawlor, EugeneKha and Mister Vapor- Three Moons [treetrunk 305]",3299,"2014-09-17 14:20:19"
"679","BestOfGen","Thomas Park","Thomas Park- Best Of Gen [treetrunk 469]",183,"2019-11-16 04:00:11"
"680","Blackfoot_Shiftronica","Thomas Park","DJ Iterate- Blackfoot Shiftronica [treetrunk 682]",349,"2021-07-10 15:02:05"
"681","ArchivalSelections018","Thomas Park","Mystified- Tropical Depression [Archival Selections 018]",222,"2017-09-11 16:19:13"
"682","Piano_Decay","Gerald Fiebig","Gerald Fiebig- Piano Decay [treetrunk 253]",2486,"2013-01-05 18:42:28"
"683","1000GlitchTribalSongsInOneDay","Thomas Park","Thomas Park- 1000 Glitch-Tribal Songs (In One Day)",109,"2021-04-23 20:59:43"
"684","Altered_Signals_2","Mystified","Mystified- Altered Signals 2 [treetrunk082]",2012,"2009-04-18 15:37:53"
"685","AmorphousArchitecturalAbstraction","Luciftias","Luciftias- Amorphous Architectural Abstraction [treetrunk 360]",781,"2017-01-14 05:49:32"
"686","Codebusters","Dmitriy Krotevich","Dmitriy Krotevich - Codebusters [treetrunk 217]",1462,"2012-04-30 22:42:20"
"687","Complex_Silence_27","Mister Vapor","Mister Vapor- Complex Silence 27 [treetrunk 236]",3366,"2012-08-18 22:06:17"
"688","Complex_Silence_28","Cousin Silas","Cousin Silas-- Complex Silence 28 [treetrunk 239]",3063,"2012-09-30 17:27:04"
"689","ChocolateEukaryotes","Thomas Park","DJ Iterate- Chocolate Eukaryotes [treetrunk 692]",144,"2021-07-30 05:56:02"
"690","MystifiedBones","Thomas Park","Mystified- Bones [treetrunk 518]",180,"2020-03-28 15:57:54"
"691","MystifiedSeattle","Thomas Park","Mystified- Seattle [treetrunk 510]",107,"2020-03-08 15:09:07"
"692","TorreyReadsThomas","Torrey & Thomas Park","Torrey & Thomas Park- Torrey Reads Thomas [treetrunk 397]",409,"2017-11-27 00:34:23"
"693","TrashEverest","Thomas Park","Mystified - Trash Everest - [treetrunk018]",3362,"2006-06-15 04:27:21"
"694","Telephone_Game","Thomas Park","DJ Iterate- Telephone Game [treetrunk 605]",527,"2021-01-06 12:56:56"
"695","Night_Songs","Jack Hertz","Jack Hertz- Night Songs [treetrunk 292]",2893,"2013-12-11 00:34:57"
"696","Paulus_Coe","Stefan Paulus","Stefan Paulus- Cartographies of Erehwon [treetrunk 300]",1587,"2014-06-19 12:29:24"
"697","Requiem_In_Shallows","Jeff Sampson","Jeff Sampson- Requiem In Shallows [treetrunk 163]",4304,"2011-08-01 23:08:06"
"700","Seeds_Of_Memory_EP","Forrest Fang","Forrest Fang- Seeds Of Memory EP [Treetrunk 200]",3545,"2012-06-18 05:38:43"
"701","SilasParkIterations","Thomas Park","Thomas Park & Cousin Silas- Silas Park Iterations [treetrunk 413]",235,"2019-07-20 16:37:33"
"702","Slow_Cascade","Mystified & AON","Mystified & AON - Slow Cascade [treetrunk080]",3448,"2009-03-09 20:11:09"
"703","SaltedPorkRadio","Thomas Park","Thomas Park- Salted Pork Radio [treetrunk 529]",96,"2020-06-11 01:15:15"
"704","Stepner_Sky","Ben Stepner","Ben Stepner- Sky [treetrunk 096]",946,"2009-11-05 17:43:32"
"705","Stormy_Weather","CDRX & The Ghost Between The Strings","CDRX & The Ghost Between The Strings- Stormy Weather [treetrunk 128]",1389,"2011-01-09 19:31:06"
"706","SnakesAndStreets","Thomas Park","Thomas Park- Snakes And Streets [treetrunk 495]",417,"2020-01-18 18:28:03"
"707","MedCycI","Pocka","Pocka - Meditative Cycles Part I [treetrunk029]",3152,"2007-08-14 19:52:43"
"708","Metek_Pythagora_Mystified","Metek, Pythagora, Mystified","Metek, Pythagora, Mystified - Metek, Pythagora, Mystified [treetrunk034]",1076,"2007-11-27 16:23:22"
"709","MusicFor1000AirportsInOneDay","Thomas Park & Brian Eno","Thomas Park & Brian Eno- Music For 1000 Airports (In One Day) [treetrunk 656]",496,"2021-05-06 16:57:32"
"710","MystifiedDroneStation","Mystified","Mystified- Mystified Drone Station [treetrunk 358]",2117,"2016-12-15 01:27:03"
"711","Music_For_Journeys","Mystified","Mystified- Music For Journeys [treetrunk 255]",5975,"2013-01-25 18:57:44"
"712","ThomasParkTheDocumentaries","Thomas Park","Thomas Park- Thomas Park: The Documentaries [treetrunk 384]",265,"2017-10-28 11:04:57"
"713","ThomasParkVintageLoFiSamples","Thomas Park","Thomas Park- Vintage Lo-Fi Samples [treetrunk 393]",1865,"2017-11-24 23:02:27"
"714","ThomasParkTrioCode","Thomas Park","DJ Iterate- TrioCode [treetrunk 561]",910,"2020-10-01 02:24:45"
"715","UrbanSilence","Mystified & 3dtorus","Mystified & 3dtorus- Urban Silence [treetrunk 321]",1783,"2015-02-06 05:35:29"
"716","TheLawlorParkPianoRecursions","Thomas Park","Scott Lawlor & Thomas Park- The Lawlor Park Piano Recursions [treetrunk 314]",180,"2019-07-22 22:25:46"
"717","ThePanicOfWanderingandothershortstories","Thomas Park & Wilfried Hanrath","Future Light- The Panic Of Wandering and other short stories [treetrunk 609]",534,"2021-01-14 16:08:57"
"718","The_Descent","Shane Morris & [Q]","Shane Morris & [Q]-- The Descent [treetrunk 186]",1541,"2011-11-05 01:10:33"
"719","The_Journey_Of_Ra","Tribe Of Astronauts","Tribe Of Astronauts-- The Journey Of Ra [treetrunk 181]",2353,"2011-10-23 13:46:09"
"720","Unus_Mundus","Jung Archetypes","Jung Archetypes- Unus Mundus [treetrunk 224]",1710,"2012-06-25 23:23:35"
"722","The_Road_Of_Life","Crows In The Garden & Kecap Tuyul","Crows In The Garden & Kecap Tuyul- The Road Of Life [treetrunk 296]",1620,"2014-03-24 01:32:34"
"724","TribeOfTheBigBlueMarble","Thomas Park","DJ Iterate- Tribe Of The Big Blue Marble [treetrunk 524]",149,"2020-05-20 21:16:06"
"725","The_Left_Hand_Of_Darkness","Fosel","Fosel- The Left Hand Of Darkness [treetrunk 126]",4527,"2010-12-24 03:36:01"
"726","The_Old_Water_Tank","Subterrestrial","Subterrestrial-- The Old Water Tank [treetrunk 165]",1911,"2011-08-20 23:08:34"
"727","TriumphStandard12","Jørgensen & Martinsen","Jørgensen & Martinsen- Triumph Standard 12 [treetrunk 295]",2096,"2014-01-06 01:09:09"
"728","Gaengs","Ruul","Ruul- Gaengs [treetrunk 139]",853,"2011-03-08 00:07:08"
"729","GenerativeBrinksmanship","Thomas Park","DJ Frankenstone- Generative Brinksmanship [treetrunk 640]",219,"2021-03-27 22:51:05"
"730","Golven","Norss & Mystified","Norss & Mystified- Golven [treetrunk061]",2073,"2008-09-28 02:31:30"
"731","GridResistorEta","Grid Resistor","Grid Resistor- Eta [treetrunk 367]",935,"2017-06-09 17:46:48"
"732","GridResistorXi","Grid Resistor","Grid Resistor- Xi [treetrunk 375]",546,"2017-08-04 13:56:50"
"733","GridResistorLambda","Grid Resistor","Grid Resistor- Lambda [treetrunk 373]",444,"2017-07-09 18:04:32"
"734","GridResistorPhi","Grid Resistor","Grid Resistor- Phi [treetrunk 377]",479,"2017-08-21 10:08:08"
"735","Logan_Square_Music_Festival_2012","Droids","Droids- Logan Square Music Festival 2012 [treetrunk 206]",1225,"2012-03-12 18:03:31"
"736","Improvisation_and_Indeterminacy","Miquel Parera Jaques","Improvisation and Indeterminacy-- Miquel Parera Jaques [treetrunk 245]",5791,"2012-10-21 19:34:40"
"737","IncludedDeliveredSimplest","Christian Fiesel & Thomas Park","Christian Fiesel & DJ Iterate- Included Delivered Simplest [treetrunk 702]",99,"2021-09-09 04:50:25"
"738","IndustrialCurtainReworked","Segment.fault","Segment.fault- Industrial Curtain Reworked [treetrunk 349]",717,"2016-09-20 00:15:04"
"740","JackHertzInvisible","Jack Hertz","Jack Hertz- Invisible [treetrunk 348]",989,"2016-09-16 01:41:05"
"741","Bring_Joy_Closer","Thomas Park","Thomas Park- Bring Joy Closer [treetrunk 729]",211,"2022-02-07 03:42:02"
"742","Dubplant","Thomas Park","Thomas Park- Dubplant [treetrunk 562]",214,"2020-10-02 13:13:02"
"743","SatieOettlVexationsLoop30","Erik Satie & Wolfram Oettl","Satie/Oettl- Vexations [treetrunk 354]",1038,"2016-10-02 02:35:53"
"744","TheAdventuresOfFattyAndBronstein","Thomas Park","Thomas Park- The Adventures Of Fatty And Bronstein [treetrunk 442]",154,"2019-09-08 10:59:39"
"745","StructInTrans","Mister Vapor & The Ghost Between The Strings","Mister Vapor versus The Ghost Between The Strings- Structures In Transit [treetrunk093]",3698,"2009-09-23 16:38:31"
"746","EdenFract","Thomas Park","DJ Iterate- EdenFract [treetrunk 556]",73,"2020-09-03 10:58:14"
"747","Constant_26","Tange","Tange- Constant 26 [treetrunk 102]",1149,"2010-08-15 14:56:23"
"748","Constant25","Mister Vapor","Mister Vapor- Constant 25 [treetrunk088]",2902,"2009-07-11 10:35:00"
"749","Constant_15","The Ghost Between The Strings","The Ghost Between The Strings - Constant 15 [treetrunk054]",1631,"2008-08-19 18:49:29"
"750","DJIterativeMargarine","Thomas Park","DJ Iterate- Margarine [treetrunk 639]",335,"2021-03-26 04:09:22"
"751","treetrunk002","C.P. McDill","Akashic Crow's Nest - Fiat Lux [treetrunk002]",5115,"2005-06-22 23:51:21"
"752","popmuzik2020","Thomas Park","Thomas Park- Popmuzik [treetrunk 487]",115,"2020-01-04 16:56:11"
"754","treetrunk004","Tribe Of Astronauts","Tribe Of Astronauts - Endless Sea [treetrunk004]",1388,"2005-06-27 15:08:43"
"756","treetrunk010","C.P. McDill","Akashic Crow's Nest - Shells [treetrunk010]",2287,"2005-09-11 19:02:43"
"757","whichunitedhospital","Thomas Park","DJ Frankenstone- which united hospital [treetrunk 727]",124,"2022-01-13 16:13:55"
